date,Month,Year,day,Hour,coffee_name,cash_type,card,money
2024-03-01,3,2024,5,10,Latte,card,ANON-0000-0000-0001,38.7
2024-03-01,3,2024,5,12,Hot Chocolate,card,ANON-0000-0000-0002,38.7
2024-03-01,3,2024,5,12,Hot Chocolate,card,ANON-0000-0000-0002,38.7
2024-03-01,3,2024,5,13,Americano,card,ANON-0000-0000-0003,28.9
2024-03-01,3,2024,5,13,Latte,card,ANON-0000-0000-0004,38.7
2024-03-01,3,2024,5,15,Americano with Milk,card,ANON-0000-0000-0005,33.8
2024-03-01,3,2024,5,16,Hot Chocolate,card,ANON-0000-0000-0006,38.7
2024-03-01,3,2024,5,18,Americano with Milk,card,ANON-0000-0000-0007,33.8
2024-03-01,3,2024,5,19,Cocoa,card,ANON-0000-0000-0008,38.7
2024-03-01,3,2024,5,19,Americano with Milk,card,ANON-0000-0000-0008,33.8
2024-03-01,3,2024,5,19,Americano with Milk,card,ANON-0000-0000-0009,33.8
2024-03-02,3,2024,6,10,Americano,card,ANON-0000-0000-0010,28.9
2024-03-02,3,2024,6,10,Latte,cash,ANON-0000-0000-0012,40.0
2024-03-02,3,2024,6,10,Americano with Milk,card,ANON-0000-0000-0011,33.8
2024-03-02,3,2024,6,11,Americano with Milk,card,ANON-0000-0000-0012,33.8
2024-03-02,3,2024,6,14,Americano,card,ANON-0000-0000-0013,28.9
2024-03-02,3,2024,6,16,Americano with Milk,card,ANON-0000-0000-0014,33.8
2024-03-02,3,2024,6,17,Americano,card,ANON-0000-0000-0004,28.9
2024-03-03,3,2024,0,10,Latte,cash,ANON-0000-0000-0012,40.0
2024-03-03,3,2024,0,10,Latte,card,ANON-0000-0000-0015,38.7
2024-03-03,3,2024,0,11,Cortado,card,ANON-0000-0000-0016,28.9
2024-03-03,3,2024,0,12,Americano,card,ANON-0000-0000-0012,28.9
2024-03-03,3,2024,0,13,Hot Chocolate,card,ANON-0000-0000-0017,38.7
2024-03-03,3,2024,0,17,Cocoa,card,ANON-0000-0000-0018,38.7
2024-03-03,3,2024,0,17,Cortado,card,ANON-0000-0000-0019,28.9
2024-03-03,3,2024,0,18,Americano with Milk,card,ANON-0000-0000-0020,33.8
2024-03-03,3,2024,0,18,Americano with Milk,card,ANON-0000-0000-0020,33.8
2024-03-03,3,2024,0,18,Hot Chocolate,card,ANON-0000-0000-0020,38.7
2024-03-04,3,2024,1,10,Latte,card,ANON-0000-0000-0001,38.7
2024-03-04,3,2024,1,10,Latte,card,ANON-0000-0000-0021,38.7
2024-03-04,3,2024,1,11,Americano with Milk,card,ANON-0000-0000-0012,33.8
2024-03-04,3,2024,1,14,Espresso,card,ANON-0000-0000-0022,24.0
2024-03-05,3,2024,2,9,Latte,card,ANON-0000-0000-0001,38.7
2024-03-05,3,2024,2,14,Latte,card,ANON-0000-0000-0023,38.7
2024-03-05,3,2024,2,17,Latte,card,ANON-0000-0000-0024,38.7
2024-03-05,3,2024,2,17,Hot Chocolate,card,ANON-0000-0000-0025,38.7
2024-03-05,3,2024,2,17,Cocoa,card,ANON-0000-0000-0026,38.7
2024-03-05,3,2024,2,17,Hot Chocolate,card,ANON-0000-0000-0027,38.7
2024-03-05,3,2024,2,17,Hot Chocolate,card,ANON-0000-0000-0009,38.7
2024-03-05,3,2024,2,17,Cortado,card,ANON-0000-0000-0028,28.9
2024-03-05,3,2024,2,18,Hot Chocolate,card,ANON-0000-0000-0028,38.7
2024-03-06,3,2024,3,12,Americano with Milk,cash,ANON-0000-0000-0012,35.0
2024-03-06,3,2024,3,13,Americano,card,ANON-0000-0000-0012,28.9
2024-03-06,3,2024,3,13,Cortado,card,ANON-0000-0000-0012,28.9
2024-03-06,3,2024,3,14,Cappuccino,card,ANON-0000-0000-0029,38.7
2024-03-06,3,2024,3,14,Cappuccino,card,ANON-0000-0000-0029,38.7
2024-03-07,3,2024,4,10,Latte,cash,ANON-0000-0000-0012,40.0
2024-03-07,3,2024,4,10,Hot Chocolate,card,ANON-0000-0000-0030,38.7
2024-03-07,3,2024,4,11,Latte,card,ANON-0000-0000-0031,38.7
2024-03-07,3,2024,4,11,Latte,cash,ANON-0000-0000-0012,40.0
2024-03-07,3,2024,4,15,Americano,card,ANON-0000-0000-0032,28.9
2024-03-07,3,2024,4,15,Americano with Milk,card,ANON-0000-0000-0033,33.8
2024-03-08,3,2024,5,10,Cortado,card,ANON-0000-0000-0012,28.9
2024-03-08,3,2024,5,12,Cappuccino,card,ANON-0000-0000-0034,38.7
2024-03-08,3,2024,5,13,Americano,card,ANON-0000-0000-0035,28.9
2024-03-08,3,2024,5,14,Americano,card,ANON-0000-0000-0012,28.9
2024-03-08,3,2024,5,14,Americano,card,ANON-0000-0000-0033,28.9
2024-03-08,3,2024,5,14,Americano with Milk,card,ANON-0000-0000-0012,33.8
2024-03-08,3,2024,5,18,Latte,card,ANON-0000-0000-0036,38.7
2024-03-08,3,2024,5,18,Latte,card,ANON-0000-0000-0037,38.7
2024-03-09,3,2024,6,11,Hot Chocolate,cash,ANON-0000-0000-0012,40.0
2024-03-09,3,2024,6,12,Espresso,card,ANON-0000-0000-0038,24.0
2024-03-09,3,2024,6,12,Americano,card,ANON-0000-0000-0039,28.9
2024-03-09,3,2024,6,12,Cappuccino,card,ANON-0000-0000-0012,38.7
2024-03-09,3,2024,6,12,Americano,card,ANON-0000-0000-0040,28.9
2024-03-09,3,2024,6,12,Americano,card,ANON-0000-0000-0040,28.9
2024-03-09,3,2024,6,13,Latte,card,ANON-0000-0000-0041,38.7
2024-03-09,3,2024,6,13,Americano with Milk,card,ANON-0000-0000-0042,33.8
2024-03-09,3,2024,6,13,Cortado,card,ANON-0000-0000-0043,28.9
2024-03-09,3,2024,6,13,Cappuccino,card,ANON-0000-0000-0043,38.7
2024-03-09,3,2024,6,14,Americano with Milk,card,ANON-0000-0000-0009,33.8
2024-03-09,3,2024,6,14,Hot Chocolate,card,ANON-0000-0000-0044,38.7
2024-03-09,3,2024,6,19,Cappuccino,card,ANON-0000-0000-0009,38.7
2024-03-09,3,2024,6,19,Hot Chocolate,card,ANON-0000-0000-0009,38.7
2024-03-10,3,2024,0,7,Americano,cash,ANON-0000-0000-0012,30.0
2024-03-10,3,2024,0,7,Americano with Milk,cash,ANON-0000-0000-0012,35.0
2024-03-10,3,2024,0,10,Latte,cash,ANON-0000-0000-0012,40.0
2024-03-10,3,2024,0,11,Espresso,card,ANON-0000-0000-0045,24.0
2024-03-10,3,2024,0,17,Americano with Milk,cash,ANON-0000-0000-0012,35.0
2024-03-10,3,2024,0,19,Latte,card,ANON-0000-0000-0046,38.7
2024-03-10,3,2024,0,19,Cortado,card,ANON-0000-0000-0046,28.9
2024-03-11,3,2024,1,10,Latte,cash,ANON-0000-0000-0012,40.0
2024-03-11,3,2024,1,11,Cappuccino,cash,ANON-0000-0000-0012,40.0
2024-03-11,3,2024,1,11,Cortado,cash,ANON-0000-0000-0012,30.0
2024-03-11,3,2024,1,11,Americano,cash,ANON-0000-0000-0012,30.0
2024-03-11,3,2024,1,11,Cappuccino,card,ANON-0000-0000-0035,38.7
2024-03-11,3,2024,1,16,Americano,card,ANON-0000-0000-0047,28.9
2024-03-11,3,2024,1,16,Latte,card,ANON-0000-0000-0047,38.7
2024-03-11,3,2024,1,16,Cortado,card,ANON-0000-0000-0048,28.9
2024-03-12,3,2024,2,10,Latte,cash,ANON-0000-0000-0012,40.0
2024-03-12,3,2024,2,10,Americano,card,ANON-0000-0000-0033,28.9
2024-03-12,3,2024,2,10,Cortado,card,ANON-0000-0000-0033,28.9
2024-03-12,3,2024,2,11,Hot Chocolate,card,ANON-0000-0000-0049,38.7
2024-03-12,3,2024,2,12,Americano with Milk,card,ANON-0000-0000-0004,33.8
2024-03-12,3,2024,2,12,Americano,card,ANON-0000-0000-0004,28.9
2024-03-12,3,2024,2,16,Americano,card,ANON-0000-0000-0050,28.9
2024-03-13,3,2024,3,11,Hot Chocolate,card,ANON-0000-0000-0048,38.7
2024-03-13,3,2024,3,11,Americano,card,ANON-0000-0000-0004,28.9
2024-03-13,3,2024,3,12,Americano,card,ANON-0000-0000-0051,28.9
2024-03-13,3,2024,3,12,Americano,card,ANON-0000-0000-0051,28.9
2024-03-13,3,2024,3,12,Espresso,cash,ANON-0000-0000-0012,25.0
2024-03-13,3,2024,3,14,Americano with Milk,card,ANON-0000-0000-0052,33.8
2024-03-13,3,2024,3,15,Espresso,card,ANON-0000-0000-0053,24.0
2024-03-13,3,2024,3,15,Espresso,card,ANON-0000-0000-0053,24.0
2024-03-13,3,2024,3,16,Espresso,card,ANON-0000-0000-0054,24.0
2024-03-14,3,2024,4,10,Latte,cash,ANON-0000-0000-0012,40.0
2024-03-14,3,2024,4,10,Latte,card,ANON-0000-0000-0055,38.7
2024-03-14,3,2024,4,10,Hot Chocolate,card,ANON-0000-0000-0055,38.7
2024-03-14,3,2024,4,13,Cortado,card,ANON-0000-0000-0012,28.9
2024-03-14,3,2024,4,13,Americano,card,ANON-0000-0000-0012,28.9
2024-03-14,3,2024,4,13,Americano with Milk,card,ANON-0000-0000-0056,33.8
2024-03-14,3,2024,4,13,Espresso,card,ANON-0000-0000-0057,24.0
2024-03-14,3,2024,4,15,Latte,card,ANON-0000-0000-0058,38.7
2024-03-14,3,2024,4,16,Americano with Milk,card,ANON-0000-0000-0059,33.8
2024-03-14,3,2024,4,16,Espresso,card,ANON-0000-0000-0050,24.0
2024-03-14,3,2024,4,18,Hot Chocolate,card,ANON-0000-0000-0019,38.7
2024-03-14,3,2024,4,19,Cortado,card,ANON-0000-0000-0012,28.9
2024-03-15,3,2024,5,10,Latte,cash,ANON-0000-0000-0012,40.0
2024-03-15,3,2024,5,10,Hot Chocolate,card,ANON-0000-0000-0060,38.7
2024-03-15,3,2024,5,18,Americano,card,ANON-0000-0000-0012,28.9
2024-03-16,3,2024,6,12,Americano with Milk,card,ANON-0000-0000-0061,33.8
2024-03-16,3,2024,6,12,Americano,card,ANON-0000-0000-0061,28.9
2024-03-16,3,2024,6,15,Cortado,card,ANON-0000-0000-0009,28.9
2024-03-16,3,2024,6,16,Cortado,card,ANON-0000-0000-0009,28.9
2024-03-16,3,2024,6,16,Cortado,card,ANON-0000-0000-0012,28.9
2024-03-16,3,2024,6,17,Americano with Milk,card,ANON-0000-0000-0062,33.8
2024-03-17,3,2024,0,10,Latte,cash,ANON-0000-0000-0012,40.0
2024-03-17,3,2024,0,12,Cortado,card,ANON-0000-0000-0063,28.9
2024-03-18,3,2024,1,11,Cortado,card,ANON-0000-0000-0064,28.9
2024-03-18,3,2024,1,15,Americano,card,ANON-0000-0000-0003,28.9
2024-03-18,3,2024,1,15,Americano,card,ANON-0000-0000-0003,28.9
2024-03-18,3,2024,1,15,Americano,card,ANON-0000-0000-0003,28.9
2024-03-19,3,2024,2,10,Cortado,cash,ANON-0000-0000-0012,30.0
2024-03-19,3,2024,2,14,Latte,card,ANON-0000-0000-0065,38.7
2024-03-19,3,2024,2,14,Latte,card,ANON-0000-0000-0065,38.7
2024-03-19,3,2024,2,15,Hot Chocolate,card,ANON-0000-0000-0049,38.7
2024-03-19,3,2024,2,16,Americano with Milk,card,ANON-0000-0000-0066,33.8
2024-03-19,3,2024,2,19,Hot Chocolate,cash,ANON-0000-0000-0012,40.0
2024-03-20,3,2024,3,11,Cortado,card,ANON-0000-0000-0012,28.9
2024-03-20,3,2024,3,12,Latte,cash,ANON-0000-0000-0012,40.0
2024-03-20,3,2024,3,12,Cortado,card,ANON-0000-0000-0049,28.9
2024-03-20,3,2024,3,13,Cappuccino,card,ANON-0000-0000-0067,38.7
2024-03-20,3,2024,3,16,Cocoa,card,ANON-0000-0000-0050,38.7
2024-03-20,3,2024,3,17,Latte,card,ANON-0000-0000-0068,38.7
2024-03-21,3,2024,4,10,Cappuccino,cash,ANON-0000-0000-0012,40.0
2024-03-21,3,2024,4,12,Cortado,card,ANON-0000-0000-0012,28.9
2024-03-21,3,2024,4,12,Cappuccino,card,ANON-0000-0000-0012,38.7
2024-03-21,3,2024,4,17,Americano,cash,ANON-0000-0000-0012,30.0
2024-03-21,3,2024,4,17,Cortado,card,ANON-0000-0000-0012,28.9
2024-03-21,3,2024,4,19,Latte,card,ANON-0000-0000-0069,38.7
2024-03-22,3,2024,5,10,Americano with Milk,card,ANON-0000-0000-0070,33.8
2024-03-22,3,2024,5,13,Americano with Milk,card,ANON-0000-0000-0071,33.8
2024-03-22,3,2024,5,16,Cappuccino,cash,ANON-0000-0000-0012,40.0
2024-03-22,3,2024,5,17,Americano,card,ANON-0000-0000-0012,28.9
2024-03-22,3,2024,5,17,Espresso,card,ANON-0000-0000-0012,24.0
2024-03-22,3,2024,5,17,Americano,card,ANON-0000-0000-0050,28.9
2024-03-23,3,2024,6,10,Latte,card,ANON-0000-0000-0072,38.7
2024-03-23,3,2024,6,10,Americano with Milk,card,ANON-0000-0000-0073,33.8
2024-03-23,3,2024,6,13,Cappuccino,card,ANON-0000-0000-0074,38.7
2024-03-23,3,2024,6,13,Cocoa,card,ANON-0000-0000-0074,38.7
2024-03-23,3,2024,6,14,Americano with Milk,card,ANON-0000-0000-0075,33.8
2024-03-23,3,2024,6,15,Latte,card,ANON-0000-0000-0076,38.7
2024-03-23,3,2024,6,15,Americano with Milk,card,ANON-0000-0000-0076,33.8
2024-03-23,3,2024,6,16,Cortado,card,ANON-0000-0000-0009,28.9
2024-03-24,3,2024,0,10,Latte,cash,ANON-0000-0000-0012,40.0
2024-03-24,3,2024,0,18,Latte,card,ANON-0000-0000-0077,38.7
2024-03-25,3,2024,1,10,Latte,card,ANON-0000-0000-0009,38.7
2024-03-25,3,2024,1,11,Americano with Milk,cash,ANON-0000-0000-0012,35.0
2024-03-25,3,2024,1,14,Latte,card,ANON-0000-0000-0078,38.7
2024-03-25,3,2024,1,14,Latte,card,ANON-0000-0000-0017,38.7
2024-03-25,3,2024,1,18,Americano with Milk,card,ANON-0000-0000-0024,33.8
2024-03-25,3,2024,1,19,Cappuccino,card,ANON-0000-0000-0079,38.7
2024-03-26,3,2024,2,10,Cocoa,card,ANON-0000-0000-0055,38.7
2024-03-26,3,2024,2,10,Latte,card,ANON-0000-0000-0055,38.7
2024-03-26,3,2024,2,10,Latte,card,ANON-0000-0000-0080,38.7
2024-03-26,3,2024,2,11,Cortado,card,ANON-0000-0000-0009,28.9
2024-03-26,3,2024,2,13,Americano,card,ANON-0000-0000-0003,28.9
2024-03-26,3,2024,2,13,Cortado,card,ANON-0000-0000-0032,28.9
2024-03-26,3,2024,2,13,Cortado,card,ANON-0000-0000-0059,28.9
2024-03-26,3,2024,2,13,Americano,card,ANON-0000-0000-0050,28.9
2024-03-26,3,2024,2,15,Latte,card,ANON-0000-0000-0081,38.7
2024-03-26,3,2024,2,18,Latte,card,ANON-0000-0000-0024,38.7
2024-03-26,3,2024,2,18,Hot Chocolate,card,ANON-0000-0000-0009,38.7
2024-03-27,3,2024,3,11,Cortado,card,ANON-0000-0000-0003,28.9
2024-03-27,3,2024,3,11,Americano with Milk,card,ANON-0000-0000-0003,33.8
2024-03-27,3,2024,3,12,Americano with Milk,card,ANON-0000-0000-0082,33.8
2024-03-27,3,2024,3,13,Hot Chocolate,card,ANON-0000-0000-0083,38.7
2024-03-27,3,2024,3,14,Cappuccino,card,ANON-0000-0000-0012,38.7
2024-03-27,3,2024,3,14,Americano,card,ANON-0000-0000-0012,28.9
2024-03-27,3,2024,3,18,Cortado,card,ANON-0000-0000-0084,28.9
2024-03-27,3,2024,3,19,Latte,cash,ANON-0000-0000-0012,40.0
2024-03-28,3,2024,4,14,Cortado,card,ANON-0000-0000-0085,28.9
2024-03-28,3,2024,4,17,Cortado,card,ANON-0000-0000-0012,28.9
2024-03-28,3,2024,4,17,Americano,card,ANON-0000-0000-0012,28.9
2024-03-28,3,2024,4,17,Latte,card,ANON-0000-0000-0086,38.7
2024-03-29,3,2024,5,10,Latte,card,ANON-0000-0000-0087,38.7
2024-03-29,3,2024,5,12,Cappuccino,card,ANON-0000-0000-0088,38.7
2024-03-29,3,2024,5,12,Cappuccino,card,ANON-0000-0000-0088,38.7
2024-03-29,3,2024,5,13,Cappuccino,cash,ANON-0000-0000-0012,40.0
2024-03-30,3,2024,6,11,Latte,card,ANON-0000-0000-0069,38.7
2024-03-30,3,2024,6,13,Cappuccino,cash,ANON-0000-0000-0012,40.0
2024-03-30,3,2024,6,16,Latte,card,ANON-0000-0000-0017,38.7
2024-03-30,3,2024,6,16,Latte,card,ANON-0000-0000-0009,38.7
2024-03-30,3,2024,6,16,Americano with Milk,card,ANON-0000-0000-0009,33.8
2024-03-31,3,2024,0,10,Cappuccino,card,ANON-0000-0000-0089,38.7
2024-03-31,3,2024,0,19,Americano,cash,ANON-0000-0000-0012,30.0
2024-04-01,4,2024,1,10,Americano,card,ANON-0000-0000-0004,28.9
2024-04-01,4,2024,1,10,Americano with Milk,card,ANON-0000-0000-0004,33.8
2024-04-01,4,2024,1,10,Americano with Milk,card,ANON-0000-0000-0004,33.8
2024-04-01,4,2024,1,11,Americano with Milk,card,ANON-0000-0000-0009,33.8
2024-04-01,4,2024,1,17,Cappuccino,cash,ANON-0000-0000-0012,40.0
2024-04-01,4,2024,1,18,Americano with Milk,card,ANON-0000-0000-0024,33.8
2024-04-01,4,2024,1,18,Hot Chocolate,card,ANON-0000-0000-0090,38.7
2024-04-02,4,2024,2,10,Latte,card,ANON-0000-0000-0001,38.7
2024-04-02,4,2024,2,16,Americano,card,ANON-0000-0000-0003,28.9
2024-04-02,4,2024,2,16,Cortado,card,ANON-0000-0000-0003,28.9
2024-04-02,4,2024,2,19,Cappuccino,cash,ANON-0000-0000-0012,40.0
2024-04-03,4,2024,3,10,Cortado,card,ANON-0000-0000-0003,28.9
2024-04-03,4,2024,3,10,Americano,card,ANON-0000-0000-0003,28.9
2024-04-03,4,2024,3,13,Cappuccino,card,ANON-0000-0000-0012,38.7
2024-04-03,4,2024,3,15,Cortado,cash,ANON-0000-0000-0012,30.0
2024-04-04,4,2024,4,10,Latte,card,ANON-0000-0000-0091,38.7
2024-04-04,4,2024,4,11,Latte,card,ANON-0000-0000-0092,38.7
2024-04-04,4,2024,4,11,Cappuccino,card,ANON-0000-0000-0093,38.7
2024-04-04,4,2024,4,12,Cortado,card,ANON-0000-0000-0094,28.9
2024-04-04,4,2024,4,19,Latte,cash,ANON-0000-0000-0012,40.0
2024-04-05,4,2024,5,10,Americano,card,ANON-0000-0000-0095,28.9
2024-04-05,4,2024,5,10,Americano,card,ANON-0000-0000-0012,28.9
2024-04-05,4,2024,5,11,Cortado,card,ANON-0000-0000-0096,28.9
2024-04-05,4,2024,5,12,Americano with Milk,card,ANON-0000-0000-0097,33.8
2024-04-05,4,2024,5,14,Latte,card,ANON-0000-0000-0098,38.7
2024-04-05,4,2024,5,14,Cortado,card,ANON-0000-0000-0098,28.9
2024-04-05,4,2024,5,15,Latte,cash,ANON-0000-0000-0012,40.0
2024-04-05,4,2024,5,15,Cappuccino,cash,ANON-0000-0000-0012,40.0
2024-04-05,4,2024,5,15,Americano,cash,ANON-0000-0000-0012,30.0
2024-04-05,4,2024,5,16,Cocoa,cash,ANON-0000-0000-0012,40.0
2024-04-05,4,2024,5,16,Espresso,card,ANON-0000-0000-0003,24.0
2024-04-06,4,2024,6,12,Americano with Milk,card,ANON-0000-0000-0099,33.8
2024-04-06,4,2024,6,14,Cappuccino,card,ANON-0000-0000-0040,38.7
2024-04-06,4,2024,6,14,Americano,card,ANON-0000-0000-0040,28.9
2024-04-06,4,2024,6,14,Latte,card,ANON-0000-0000-0009,38.7
2024-04-07,4,2024,0,10,Latte,card,ANON-0000-0000-0091,38.7
2024-04-07,4,2024,0,12,Cappuccino,card,ANON-0000-0000-0040,38.7
2024-04-07,4,2024,0,12,Cappuccino,card,ANON-0000-0000-0040,38.7
2024-04-07,4,2024,0,14,Cortado,card,ANON-0000-0000-0100,28.9
2024-04-07,4,2024,0,14,Espresso,card,ANON-0000-0000-0100,24.0
2024-04-07,4,2024,0,18,Hot Chocolate,card,ANON-0000-0000-0101,38.7
2024-04-07,4,2024,0,18,Americano with Milk,card,ANON-0000-0000-0101,33.8
2024-04-08,4,2024,1,10,Americano with Milk,card,ANON-0000-0000-0102,33.8
2024-04-08,4,2024,1,10,Cappuccino,card,ANON-0000-0000-0103,38.7
2024-04-08,4,2024,1,11,Americano,card,ANON-0000-0000-0012,28.9
2024-04-08,4,2024,1,11,Cappuccino,card,ANON-0000-0000-0104,38.7
2024-04-08,4,2024,1,12,Espresso,cash,ANON-0000-0000-0012,25.0
2024-04-08,4,2024,1,15,Americano with Milk,cash,ANON-0000-0000-0012,35.0
2024-04-08,4,2024,1,16,Latte,card,ANON-0000-0000-0017,38.7
2024-04-08,4,2024,1,18,Americano,card,ANON-0000-0000-0105,28.9
2024-04-08,4,2024,1,19,Americano with Milk,card,ANON-0000-0000-0024,33.8
2024-04-08,4,2024,1,19,Cappuccino,card,ANON-0000-0000-0106,38.7
2024-04-09,4,2024,2,10,Cappuccino,cash,ANON-0000-0000-0012,40.0
2024-04-09,4,2024,2,10,Americano,cash,ANON-0000-0000-0012,30.0
2024-04-09,4,2024,2,11,Latte,card,ANON-0000-0000-0091,38.7
2024-04-09,4,2024,2,15,Hot Chocolate,card,ANON-0000-0000-0107,38.7
2024-04-09,4,2024,2,17,Hot Chocolate,card,ANON-0000-0000-0049,38.7
2024-04-10,4,2024,3,10,Espresso,cash,ANON-0000-0000-0012,25.0
2024-04-10,4,2024,3,17,Hot Chocolate,cash,ANON-0000-0000-0012,40.0
2024-04-10,4,2024,3,17,Espresso,card,ANON-0000-0000-0108,24.0
2024-04-10,4,2024,3,18,Cappuccino,card,ANON-0000-0000-0009,38.7
2024-04-10,4,2024,3,20,Latte,card,ANON-0000-0000-0109,38.7
2024-04-11,4,2024,4,10,Americano,card,ANON-0000-0000-0110,28.9
2024-04-11,4,2024,4,10,Americano,card,ANON-0000-0000-0110,28.9
2024-04-11,4,2024,4,16,Latte,card,ANON-0000-0000-0017,38.7
2024-04-11,4,2024,4,19,Cappuccino,card,ANON-0000-0000-0106,38.7
2024-04-11,4,2024,4,19,Americano with Milk,card,ANON-0000-0000-0024,33.8
2024-04-12,4,2024,5,19,Hot Chocolate,card,ANON-0000-0000-0019,38.7
2024-04-12,4,2024,5,19,Cortado,card,ANON-0000-0000-0009,28.9
2024-04-13,4,2024,6,12,Latte,card,ANON-0000-0000-0009,38.7
2024-04-13,4,2024,6,12,Americano,card,ANON-0000-0000-0012,28.9
2024-04-13,4,2024,6,15,Hot Chocolate,cash,ANON-0000-0000-0012,40.0
2024-04-13,4,2024,6,15,Hot Chocolate,cash,ANON-0000-0000-0012,40.0
2024-04-13,4,2024,6,16,Cappuccino,card,ANON-0000-0000-0111,38.7
2024-04-13,4,2024,6,16,Latte,card,ANON-0000-0000-0111,38.7
2024-04-13,4,2024,6,17,Cappuccino,card,ANON-0000-0000-0112,38.7
2024-04-13,4,2024,6,17,Cappuccino,card,ANON-0000-0000-0012,38.7
2024-04-14,4,2024,0,10,Latte,cash,ANON-0000-0000-0012,40.0
2024-04-14,4,2024,0,12,Cappuccino,card,ANON-0000-0000-0113,38.7
2024-04-14,4,2024,0,12,Cortado,cash,ANON-0000-0000-0012,30.0
2024-04-14,4,2024,0,12,Cortado,cash,ANON-0000-0000-0012,30.0
2024-04-14,4,2024,0,12,Americano with Milk,cash,ANON-0000-0000-0012,35.0
2024-04-14,4,2024,0,13,Cortado,card,ANON-0000-0000-0114,28.9
2024-04-14,4,2024,0,14,Americano,card,ANON-0000-0000-0012,28.9
2024-04-14,4,2024,0,14,Americano,card,ANON-0000-0000-0012,28.9
2024-04-14,4,2024,0,14,Americano,card,ANON-0000-0000-0012,28.9
2024-04-14,4,2024,0,15,Cappuccino,card,ANON-0000-0000-0017,38.7
2024-04-14,4,2024,0,16,Cortado,card,ANON-0000-0000-0012,28.9
2024-04-14,4,2024,0,17,Latte,card,ANON-0000-0000-0019,38.7
2024-04-14,4,2024,0,18,Cappuccino,card,ANON-0000-0000-0115,38.7
2024-04-15,4,2024,1,11,Americano,card,ANON-0000-0000-0064,28.9
2024-04-15,4,2024,1,17,Americano,card,ANON-0000-0000-0003,28.9
2024-04-15,4,2024,1,17,Americano with Milk,card,ANON-0000-0000-0004,33.8
2024-04-15,4,2024,1,19,Americano with Milk,card,ANON-0000-0000-0009,33.8
2024-04-15,4,2024,1,19,Espresso,cash,ANON-0000-0000-0012,25.0
2024-04-16,4,2024,2,10,Americano with Milk,cash,ANON-0000-0000-0012,35.0
2024-04-16,4,2024,2,10,Americano with Milk,card,ANON-0000-0000-0116,33.8
2024-04-16,4,2024,2,12,Cocoa,card,ANON-0000-0000-0117,38.7
2024-04-16,4,2024,2,12,Cortado,card,ANON-0000-0000-0064,28.9
2024-04-16,4,2024,2,15,Americano,card,ANON-0000-0000-0118,28.9
2024-04-16,4,2024,2,17,Americano with Milk,card,ANON-0000-0000-0024,33.8
2024-04-16,4,2024,2,17,Cappuccino,card,ANON-0000-0000-0009,38.7
2024-04-16,4,2024,2,18,Cocoa,card,ANON-0000-0000-0050,38.7
2024-04-17,4,2024,3,13,Americano,card,ANON-0000-0000-0012,28.9
2024-04-17,4,2024,3,13,Espresso,card,ANON-0000-0000-0119,24.0
2024-04-17,4,2024,3,16,Cappuccino,cash,ANON-0000-0000-0012,40.0
2024-04-17,4,2024,3,17,Cappuccino,card,ANON-0000-0000-0120,38.7
2024-04-17,4,2024,3,17,Cappuccino,card,ANON-0000-0000-0120,38.7
2024-04-17,4,2024,3,18,Cortado,card,ANON-0000-0000-0121,28.9
2024-04-18,4,2024,4,11,Americano,card,ANON-0000-0000-0003,28.9
2024-04-18,4,2024,4,11,Americano,card,ANON-0000-0000-0003,28.9
2024-04-18,4,2024,4,13,Americano with Milk,card,ANON-0000-0000-0122,33.8
2024-04-18,4,2024,4,13,Cortado,card,ANON-0000-0000-0122,28.9
2024-04-18,4,2024,4,14,Cappuccino,card,ANON-0000-0000-0123,38.7
2024-04-18,4,2024,4,14,Latte,card,ANON-0000-0000-0123,38.7
2024-04-18,4,2024,4,17,Latte,card,ANON-0000-0000-0069,38.7
2024-04-18,4,2024,4,18,Cappuccino,card,ANON-0000-0000-0085,38.7
2024-04-18,4,2024,4,19,Hot Chocolate,card,ANON-0000-0000-0024,38.7
2024-04-18,4,2024,4,19,Hot Chocolate,card,ANON-0000-0000-0009,38.7
2024-04-19,4,2024,5,10,Latte,card,ANON-0000-0000-0001,38.7
2024-04-19,4,2024,5,13,Americano with Milk,card,ANON-0000-0000-0040,33.8
2024-04-19,4,2024,5,13,Cappuccino,card,ANON-0000-0000-0040,38.7
2024-04-19,4,2024,5,13,Hot Chocolate,card,ANON-0000-0000-0124,38.7
2024-04-19,4,2024,5,13,Cappuccino,card,ANON-0000-0000-0124,38.7
2024-04-19,4,2024,5,18,Cocoa,card,ANON-0000-0000-0024,38.7
2024-04-19,4,2024,5,18,Americano with Milk,card,ANON-0000-0000-0009,33.8
2024-04-20,4,2024,6,11,Americano with Milk,cash,ANON-0000-0000-0012,35.0
2024-04-20,4,2024,6,12,Americano with Milk,card,ANON-0000-0000-0125,33.8
2024-04-20,4,2024,6,12,Americano with Milk,card,ANON-0000-0000-0125,33.8
2024-04-20,4,2024,6,13,Americano,card,ANON-0000-0000-0118,28.9
2024-04-20,4,2024,6,13,Americano with Milk,card,ANON-0000-0000-0118,33.8
2024-04-20,4,2024,6,13,Hot Chocolate,card,ANON-0000-0000-0118,38.7
2024-04-20,4,2024,6,14,Cappuccino,card,ANON-0000-0000-0040,38.7
2024-04-20,4,2024,6,15,Americano with Milk,card,ANON-0000-0000-0009,33.8
2024-04-20,4,2024,6,15,Americano with Milk,card,ANON-0000-0000-0012,32.82
2024-04-20,4,2024,6,15,Americano with Milk,card,ANON-0000-0000-0126,32.82
2024-04-20,4,2024,6,17,Cocoa,cash,ANON-0000-0000-0012,39.0
2024-04-20,4,2024,6,18,Cappuccino,card,ANON-0000-0000-0127,37.72
2024-04-20,4,2024,6,18,Cappuccino,card,ANON-0000-0000-0127,37.72
2024-04-20,4,2024,6,19,Latte,card,ANON-0000-0000-0128,37.72
2024-04-21,4,2024,0,11,Latte,card,ANON-0000-0000-0001,37.72
2024-04-21,4,2024,0,14,Americano,card,ANON-0000-0000-0099,27.92
2024-04-21,4,2024,0,17,Cappuccino,cash,ANON-0000-0000-0012,39.0
2024-04-22,4,2024,1,11,Americano,card,ANON-0000-0000-0012,27.92
2024-04-22,4,2024,1,11,Americano with Milk,card,ANON-0000-0000-0129,32.82
2024-04-22,4,2024,1,18,Latte,cash,ANON-0000-0000-0012,39.0
2024-04-22,4,2024,1,19,Latte,card,ANON-0000-0000-0009,37.72
2024-04-22,4,2024,1,20,Cappuccino,cash,ANON-0000-0000-0012,39.0
2024-04-23,4,2024,2,14,Cappuccino,card,ANON-0000-0000-0025,37.72
2024-04-23,4,2024,2,14,Americano with Milk,card,ANON-0000-0000-0024,32.82
2024-04-23,4,2024,2,14,Cappuccino,card,ANON-0000-0000-0009,37.72
2024-04-23,4,2024,2,19,Americano with Milk,card,ANON-0000-0000-0130,32.82
2024-04-23,4,2024,2,19,Americano with Milk,card,ANON-0000-0000-0130,32.82
2024-04-24,4,2024,3,10,Latte,card,ANON-0000-0000-0001,37.72
2024-04-24,4,2024,3,10,Americano with Milk,card,ANON-0000-0000-0131,32.82
2024-04-24,4,2024,3,11,Americano with Milk,card,ANON-0000-0000-0132,32.82
2024-04-24,4,2024,3,11,Americano with Milk,card,ANON-0000-0000-0133,32.82
2024-04-24,4,2024,3,12,Americano with Milk,card,ANON-0000-0000-0059,32.82
2024-04-24,4,2024,3,16,Americano with Milk,card,ANON-0000-0000-0009,32.82
2024-04-24,4,2024,3,19,Americano with Milk,card,ANON-0000-0000-0134,32.82
2024-04-24,4,2024,3,19,Cappuccino,card,ANON-0000-0000-0134,37.72
2024-04-25,4,2024,4,10,Americano,card,ANON-0000-0000-0135,27.92
2024-04-25,4,2024,4,15,Latte,card,ANON-0000-0000-0009,37.72
2024-04-25,4,2024,4,17,Americano,card,ANON-0000-0000-0012,27.92
2024-04-25,4,2024,4,17,Americano,card,ANON-0000-0000-0012,27.92
2024-04-26,4,2024,5,10,Latte,card,ANON-0000-0000-0001,37.72
2024-04-26,4,2024,5,12,Latte,card,ANON-0000-0000-0136,37.72
2024-04-26,4,2024,5,13,Cappuccino,card,ANON-0000-0000-0137,37.72
2024-04-26,4,2024,5,15,Americano,card,ANON-0000-0000-0012,27.92
2024-04-26,4,2024,5,15,Americano,card,ANON-0000-0000-0012,27.92
2024-04-26,4,2024,5,16,Cortado,card,ANON-0000-0000-0138,27.92
2024-04-26,4,2024,5,16,Americano,card,ANON-0000-0000-0139,27.92
2024-04-26,4,2024,5,19,Hot Chocolate,card,ANON-0000-0000-0009,37.72
2024-04-26,4,2024,5,19,Cocoa,card,ANON-0000-0000-0009,37.72
2024-04-27,4,2024,6,15,Cappuccino,card,ANON-0000-0000-0009,37.72
2024-04-28,4,2024,0,10,Latte,card,ANON-0000-0000-0001,37.72
2024-04-28,4,2024,0,12,Cappuccino,card,ANON-0000-0000-0140,37.72
2024-04-28,4,2024,0,18,Americano,card,ANON-0000-0000-0012,27.92
2024-04-28,4,2024,0,18,Americano,card,ANON-0000-0000-0012,27.92
2024-04-28,4,2024,0,18,Latte,card,ANON-0000-0000-0019,37.72
2024-04-29,4,2024,1,11,Cortado,card,ANON-0000-0000-0141,27.92
2024-04-29,4,2024,1,13,Americano,card,ANON-0000-0000-0003,27.92
2024-04-29,4,2024,1,13,Cortado,card,ANON-0000-0000-0003,27.92
2024-04-29,4,2024,1,13,Cortado,card,ANON-0000-0000-0141,27.92
2024-04-29,4,2024,1,13,Americano with Milk,card,ANON-0000-0000-0141,32.82
2024-04-29,4,2024,1,18,Cappuccino,card,ANON-0000-0000-0140,37.72
2024-04-29,4,2024,1,19,Cappuccino,card,ANON-0000-0000-0134,37.72
2024-04-29,4,2024,1,19,Cappuccino,card,ANON-0000-0000-0134,37.72
2024-04-30,4,2024,2,10,Latte,card,ANON-0000-0000-0142,37.72
2024-04-30,4,2024,2,10,Americano with Milk,card,ANON-0000-0000-0142,32.82
2024-04-30,4,2024,2,10,Americano with Milk,card,ANON-0000-0000-0142,32.82
2024-04-30,4,2024,2,13,Americano,card,ANON-0000-0000-0142,27.92
2024-04-30,4,2024,2,13,Americano with Milk,card,ANON-0000-0000-0142,32.82
2024-04-30,4,2024,2,19,Cappuccino,card,ANON-0000-0000-0142,37.72
2024-04-30,4,2024,2,19,Americano with Milk,card,ANON-0000-0000-0142,32.82
2024-04-30,4,2024,2,19,Latte,card,ANON-0000-0000-0142,37.72
2024-05-02,5,2024,4,10,Americano,card,ANON-0000-0000-0143,27.92
2024-05-02,5,2024,4,11,Latte,cash,ANON-0000-0000-0012,39.0
2024-05-02,5,2024,4,13,Americano with Milk,card,ANON-0000-0000-0133,32.82
2024-05-02,5,2024,4,18,Cappuccino,card,ANON-0000-0000-0144,37.72
2024-05-02,5,2024,4,18,Americano with Milk,card,ANON-0000-0000-0024,32.82
2024-05-02,5,2024,4,19,Latte,card,ANON-0000-0000-0145,37.72
2024-05-02,5,2024,4,19,Cappuccino,card,ANON-0000-0000-0145,37.72
2024-05-03,5,2024,5,10,Latte,cash,ANON-0000-0000-0012,39.0
2024-05-03,5,2024,5,14,Latte,card,ANON-0000-0000-0146,37.72
2024-05-03,5,2024,5,17,Latte,card,ANON-0000-0000-0147,37.72
2024-05-06,5,2024,1,10,Americano,card,ANON-0000-0000-0148,27.92
2024-05-06,5,2024,1,10,Cappuccino,card,ANON-0000-0000-0149,37.72
2024-05-06,5,2024,1,10,Americano with Milk,card,ANON-0000-0000-0149,32.82
2024-05-06,5,2024,1,10,Americano,card,ANON-0000-0000-0150,27.92
2024-05-06,5,2024,1,10,Cortado,card,ANON-0000-0000-0141,27.92
2024-05-06,5,2024,1,11,Americano,cash,ANON-0000-0000-0012,29.0
2024-05-06,5,2024,1,13,Cortado,card,ANON-0000-0000-0148,27.92
2024-05-06,5,2024,1,13,Americano,card,ANON-0000-0000-0148,27.92
2024-05-06,5,2024,1,19,Cappuccino,card,ANON-0000-0000-0151,37.72
2024-05-06,5,2024,1,19,Cappuccino,card,ANON-0000-0000-0151,37.72
2024-05-07,5,2024,2,10,Cocoa,card,ANON-0000-0000-0148,37.72
2024-05-07,5,2024,2,11,Cortado,card,ANON-0000-0000-0141,27.92
2024-05-07,5,2024,2,13,Cortado,card,ANON-0000-0000-0077,27.92
2024-05-07,5,2024,2,16,Cocoa,card,ANON-0000-0000-0148,37.72
2024-05-07,5,2024,2,16,Americano,card,ANON-0000-0000-0152,27.92
2024-05-07,5,2024,2,17,Cappuccino,card,ANON-0000-0000-0153,37.72
2024-05-07,5,2024,2,17,Latte,card,ANON-0000-0000-0153,37.72
2024-05-07,5,2024,2,18,Americano with Milk,cash,ANON-0000-0000-0012,34.0
2024-05-07,5,2024,2,19,Cappuccino,card,ANON-0000-0000-0154,37.72
2024-05-07,5,2024,2,19,Cappuccino,card,ANON-0000-0000-0154,37.72
2024-05-08,5,2024,3,10,Latte,card,ANON-0000-0000-0001,37.72
2024-05-09,5,2024,4,12,Cappuccino,card,ANON-0000-0000-0155,37.72
2024-05-09,5,2024,4,13,Americano,card,ANON-0000-0000-0156,27.92
2024-05-09,5,2024,4,13,Latte,card,ANON-0000-0000-0156,37.72
2024-05-09,5,2024,4,13,Latte,card,ANON-0000-0000-0156,37.72
2024-05-09,5,2024,4,13,Latte,card,ANON-0000-0000-0156,37.72
2024-05-09,5,2024,4,16,Americano,card,ANON-0000-0000-0118,27.92
2024-05-09,5,2024,4,16,Americano,card,ANON-0000-0000-0118,27.92
2024-05-09,5,2024,4,18,Americano,card,ANON-0000-0000-0157,27.92
2024-05-09,5,2024,4,18,Americano with Milk,card,ANON-0000-0000-0143,32.82
2024-05-10,5,2024,5,10,Latte,cash,ANON-0000-0000-0012,39.0
2024-05-10,5,2024,5,15,Latte,card,ANON-0000-0000-0158,37.72
2024-05-10,5,2024,5,15,Latte,card,ANON-0000-0000-0158,37.72
2024-05-10,5,2024,5,16,Americano with Milk,cash,ANON-0000-0000-0012,34.0
2024-05-11,5,2024,6,11,Latte,card,ANON-0000-0000-0069,37.72
2024-05-11,5,2024,6,17,Latte,cash,ANON-0000-0000-0012,39.0
2024-05-11,5,2024,6,17,Americano with Milk,card,ANON-0000-0000-0009,32.82
2024-05-11,5,2024,6,17,Cocoa,card,ANON-0000-0000-0026,37.72
2024-05-11,5,2024,6,17,Cappuccino,card,ANON-0000-0000-0040,37.72
2024-05-11,5,2024,6,17,Americano with Milk,card,ANON-0000-0000-0012,32.82
2024-05-11,5,2024,6,18,Cappuccino,card,ANON-0000-0000-0115,37.72
2024-05-11,5,2024,6,19,Latte,card,ANON-0000-0000-0159,37.72
2024-05-12,5,2024,0,10,Latte,card,ANON-0000-0000-0001,37.72
2024-05-12,5,2024,0,13,Latte,card,ANON-0000-0000-0160,37.72
2024-05-12,5,2024,0,13,Americano,card,ANON-0000-0000-0161,27.92
2024-05-12,5,2024,0,15,Latte,card,ANON-0000-0000-0077,37.72
2024-05-12,5,2024,0,15,Americano with Milk,card,ANON-0000-0000-0162,32.82
2024-05-12,5,2024,0,15,Americano with Milk,card,ANON-0000-0000-0163,32.82
2024-05-12,5,2024,0,16,Americano with Milk,card,ANON-0000-0000-0012,32.82
2024-05-12,5,2024,0,19,Americano with Milk,card,ANON-0000-0000-0009,32.82
2024-05-13,5,2024,1,11,Americano with Milk,card,ANON-0000-0000-0164,32.82
2024-05-13,5,2024,1,15,Americano,cash,ANON-0000-0000-0012,29.0
2024-05-13,5,2024,1,15,Americano,cash,ANON-0000-0000-0012,29.0
2024-05-14,5,2024,2,8,Americano,card,ANON-0000-0000-0012,27.92
2024-05-14,5,2024,2,8,Americano,card,ANON-0000-0000-0012,27.92
2024-05-14,5,2024,2,8,Americano,card,ANON-0000-0000-0012,27.92
2024-05-14,5,2024,2,10,Cappuccino,card,ANON-0000-0000-0012,37.72
2024-05-14,5,2024,2,11,Latte,card,ANON-0000-0000-0165,37.72
2024-05-14,5,2024,2,11,Cappuccino,card,ANON-0000-0000-0165,37.72
2024-05-14,5,2024,2,14,Cappuccino,card,ANON-0000-0000-0025,37.72
2024-05-14,5,2024,2,14,Americano with Milk,card,ANON-0000-0000-0009,32.82
2024-05-14,5,2024,2,15,Americano,card,ANON-0000-0000-0040,27.92
2024-05-14,5,2024,2,16,Americano with Milk,card,ANON-0000-0000-0166,32.82
2024-05-14,5,2024,2,16,Cappuccino,card,ANON-0000-0000-0166,37.72
2024-05-14,5,2024,2,22,Hot Chocolate,card,ANON-0000-0000-0167,37.72
2024-05-15,5,2024,3,8,Latte,card,ANON-0000-0000-0168,37.72
2024-05-15,5,2024,3,11,Espresso,card,ANON-0000-0000-0012,23.02
2024-05-15,5,2024,3,11,Americano,card,ANON-0000-0000-0012,27.92
2024-05-15,5,2024,3,13,Americano,card,ANON-0000-0000-0003,27.92
2024-05-15,5,2024,3,13,Americano,card,ANON-0000-0000-0003,27.92
2024-05-15,5,2024,3,13,Americano,card,ANON-0000-0000-0003,27.92
2024-05-15,5,2024,3,13,Americano with Milk,card,ANON-0000-0000-0164,32.82
2024-05-15,5,2024,3,14,Americano,cash,ANON-0000-0000-0012,29.0
2024-05-15,5,2024,3,14,Cortado,card,ANON-0000-0000-0169,27.92
2024-05-15,5,2024,3,14,Cortado,card,ANON-0000-0000-0012,27.92
2024-05-15,5,2024,3,17,Espresso,card,ANON-0000-0000-0170,23.02
2024-05-15,5,2024,3,20,Cappuccino,card,ANON-0000-0000-0171,37.72
2024-05-16,5,2024,4,10,Americano with Milk,card,ANON-0000-0000-0097,32.82
2024-05-16,5,2024,4,10,Americano with Milk,card,ANON-0000-0000-0172,32.82
2024-05-16,5,2024,4,11,Latte,cash,ANON-0000-0000-0012,39.0
2024-05-16,5,2024,4,11,Cappuccino,cash,ANON-0000-0000-0012,39.0
2024-05-16,5,2024,4,12,Americano with Milk,card,ANON-0000-0000-0173,32.82
2024-05-16,5,2024,4,15,Hot Chocolate,card,ANON-0000-0000-0174,37.72
2024-05-16,5,2024,4,17,Latte,card,ANON-0000-0000-0069,37.72
2024-05-16,5,2024,4,18,Hot Chocolate,card,ANON-0000-0000-0175,37.72
2024-05-16,5,2024,4,18,Latte,card,ANON-0000-0000-0175,37.72
2024-05-17,5,2024,5,9,Americano,card,ANON-0000-0000-0033,27.92
2024-05-17,5,2024,5,11,Americano with Milk,card,ANON-0000-0000-0164,32.82
2024-05-17,5,2024,5,14,Americano with Milk,cash,ANON-0000-0000-0012,34.0
2024-05-17,5,2024,5,19,Americano with Milk,card,ANON-0000-0000-0012,32.82
2024-05-17,5,2024,5,19,Cappuccino,card,ANON-0000-0000-0009,37.72
2024-05-17,5,2024,5,20,Cappuccino,card,ANON-0000-0000-0176,37.72
2024-05-17,5,2024,5,22,Americano,card,ANON-0000-0000-0177,27.92
2024-05-17,5,2024,5,22,Latte,card,ANON-0000-0000-0178,37.72
2024-05-17,5,2024,5,22,Latte,card,ANON-0000-0000-0179,37.72
2024-05-18,5,2024,6,8,Cappuccino,card,ANON-0000-0000-0180,37.72
2024-05-18,5,2024,6,8,Cappuccino,card,ANON-0000-0000-0180,37.72
2024-05-18,5,2024,6,11,Americano with Milk,card,ANON-0000-0000-0181,32.82
2024-05-18,5,2024,6,16,Americano with Milk,card,ANON-0000-0000-0172,32.82
2024-05-18,5,2024,6,16,Americano with Milk,card,ANON-0000-0000-0097,32.82
2024-05-18,5,2024,6,19,Americano with Milk,card,ANON-0000-0000-0040,32.82
2024-05-18,5,2024,6,20,Latte,card,ANON-0000-0000-0009,37.72
2024-05-18,5,2024,6,22,Cappuccino,cash,ANON-0000-0000-0012,39.0
2024-05-19,5,2024,0,7,Americano,card,ANON-0000-0000-0182,27.92
2024-05-19,5,2024,0,7,Americano,card,ANON-0000-0000-0182,27.92
2024-05-19,5,2024,0,8,Cappuccino,card,ANON-0000-0000-0183,37.72
2024-05-19,5,2024,0,9,Espresso,cash,ANON-0000-0000-0012,24.0
2024-05-19,5,2024,0,12,Americano with Milk,card,ANON-0000-0000-0184,32.82
2024-05-19,5,2024,0,14,Americano,card,ANON-0000-0000-0012,27.92
2024-05-19,5,2024,0,15,Americano with Milk,card,ANON-0000-0000-0185,32.82
2024-05-19,5,2024,0,18,Americano with Milk,card,ANON-0000-0000-0186,32.82
2024-05-19,5,2024,0,18,Espresso,card,ANON-0000-0000-0186,23.02
2024-05-19,5,2024,0,18,Hot Chocolate,card,ANON-0000-0000-0186,37.72
2024-05-19,5,2024,0,19,Cappuccino,card,ANON-0000-0000-0187,37.72
2024-05-19,5,2024,0,21,Cappuccino,card,ANON-0000-0000-0188,37.72
2024-05-19,5,2024,0,21,Cappuccino,card,ANON-0000-0000-0189,37.72
2024-05-20,5,2024,1,10,Americano with Milk,card,ANON-0000-0000-0190,32.82
2024-05-20,5,2024,1,10,Latte,card,ANON-0000-0000-0191,37.72
2024-05-20,5,2024,1,10,Latte,card,ANON-0000-0000-0001,37.72
2024-05-20,5,2024,1,11,Americano,card,ANON-0000-0000-0143,27.92
2024-05-20,5,2024,1,11,Americano,card,ANON-0000-0000-0143,27.92
2024-05-20,5,2024,1,13,Americano,card,ANON-0000-0000-0003,27.92
2024-05-20,5,2024,1,13,Americano,card,ANON-0000-0000-0003,27.92
2024-05-20,5,2024,1,14,Americano with Milk,card,ANON-0000-0000-0192,32.82
2024-05-20,5,2024,1,14,Cappuccino,card,ANON-0000-0000-0192,37.72
2024-05-20,5,2024,1,14,Americano,cash,ANON-0000-0000-0012,29.0
2024-05-20,5,2024,1,17,Latte,card,ANON-0000-0000-0120,37.72
2024-05-20,5,2024,1,17,Latte,card,ANON-0000-0000-0193,37.72
2024-05-20,5,2024,1,20,Americano with Milk,card,ANON-0000-0000-0194,32.82
2024-05-20,5,2024,1,20,Cocoa,card,ANON-0000-0000-0194,37.72
2024-05-20,5,2024,1,20,Cortado,card,ANON-0000-0000-0195,27.92
2024-05-20,5,2024,1,21,Americano with Milk,card,ANON-0000-0000-0012,32.82
2024-05-20,5,2024,1,21,Americano with Milk,card,ANON-0000-0000-0012,32.82
2024-05-21,5,2024,2,8,Latte,card,ANON-0000-0000-0196,37.72
2024-05-21,5,2024,2,9,Americano,cash,ANON-0000-0000-0012,29.0
2024-05-21,5,2024,2,9,Americano with Milk,cash,ANON-0000-0000-0012,34.0
2024-05-21,5,2024,2,9,Cocoa,cash,ANON-0000-0000-0012,39.0
2024-05-21,5,2024,2,10,Latte,cash,ANON-0000-0000-0012,39.0
2024-05-21,5,2024,2,16,Latte,card,ANON-0000-0000-0197,37.72
2024-05-21,5,2024,2,18,Espresso,card,ANON-0000-0000-0012,23.02
2024-05-21,5,2024,2,19,Cappuccino,card,ANON-0000-0000-0198,37.72
2024-05-21,5,2024,2,20,Cappuccino,card,ANON-0000-0000-0199,37.72
2024-05-22,5,2024,3,9,Cappuccino,card,ANON-0000-0000-0200,37.72
2024-05-22,5,2024,3,10,Americano with Milk,card,ANON-0000-0000-0191,32.82
2024-05-22,5,2024,3,11,Cortado,card,ANON-0000-0000-0141,27.92
2024-05-22,5,2024,3,11,Americano with Milk,card,ANON-0000-0000-0097,32.82
2024-05-22,5,2024,3,12,Americano,card,ANON-0000-0000-0012,27.92
2024-05-22,5,2024,3,12,Americano,card,ANON-0000-0000-0012,27.92
2024-05-22,5,2024,3,14,Americano with Milk,card,ANON-0000-0000-0009,32.82
2024-05-22,5,2024,3,19,Cappuccino,card,ANON-0000-0000-0134,37.72
2024-05-22,5,2024,3,19,Cappuccino,card,ANON-0000-0000-0134,37.72
2024-05-22,5,2024,3,21,Hot Chocolate,card,ANON-0000-0000-0180,37.72
2024-05-22,5,2024,3,21,Cappuccino,card,ANON-0000-0000-0180,37.72
2024-05-23,5,2024,4,10,Cappuccino,card,ANON-0000-0000-0201,37.72
2024-05-23,5,2024,4,12,Espresso,card,ANON-0000-0000-0202,23.02
2024-05-23,5,2024,4,15,Cappuccino,card,ANON-0000-0000-0180,37.72
2024-05-23,5,2024,4,15,Cappuccino,card,ANON-0000-0000-0203,37.72
2024-05-23,5,2024,4,16,Cappuccino,card,ANON-0000-0000-0180,37.72
2024-05-23,5,2024,4,16,Latte,card,ANON-0000-0000-0077,37.72
2024-05-23,5,2024,4,17,Cappuccino,card,ANON-0000-0000-0153,37.72
2024-05-23,5,2024,4,17,Latte,card,ANON-0000-0000-0153,37.72
2024-05-23,5,2024,4,19,Cortado,card,ANON-0000-0000-0204,27.92
2024-05-23,5,2024,4,19,Cappuccino,card,ANON-0000-0000-0134,37.72
2024-05-23,5,2024,4,19,Cappuccino,card,ANON-0000-0000-0205,37.72
2024-05-23,5,2024,4,19,Cappuccino,card,ANON-0000-0000-0206,37.72
2024-05-23,5,2024,4,20,Cappuccino,card,ANON-0000-0000-0207,37.72
2024-05-23,5,2024,4,20,Latte,card,ANON-0000-0000-0207,37.72
2024-05-23,5,2024,4,22,Americano with Milk,card,ANON-0000-0000-0208,32.82
2024-05-23,5,2024,4,22,Hot Chocolate,cash,ANON-0000-0000-0012,39.0
2024-05-24,5,2024,5,11,Cortado,card,ANON-0000-0000-0141,27.92
2024-05-24,5,2024,5,11,Americano,card,ANON-0000-0000-0012,27.92
2024-05-24,5,2024,5,11,Americano,card,ANON-0000-0000-0012,27.92
2024-05-24,5,2024,5,16,Hot Chocolate,card,ANON-0000-0000-0081,37.72
2024-05-24,5,2024,5,18,Cortado,card,ANON-0000-0000-0209,27.92
2024-05-24,5,2024,5,18,Cortado,card,ANON-0000-0000-0209,27.92
2024-05-24,5,2024,5,22,Americano with Milk,card,ANON-0000-0000-0210,32.82
2024-05-25,5,2024,6,7,Americano,cash,ANON-0000-0000-0012,29.0
2024-05-25,5,2024,6,12,Latte,card,ANON-0000-0000-0211,37.72
2024-05-25,5,2024,6,12,Americano,cash,ANON-0000-0000-0012,29.0
2024-05-25,5,2024,6,12,Americano with Milk,card,ANON-0000-0000-0212,32.82
2024-05-25,5,2024,6,12,Americano with Milk,card,ANON-0000-0000-0212,32.82
2024-05-25,5,2024,6,12,Americano with Milk,card,ANON-0000-0000-0213,32.82
2024-05-25,5,2024,6,16,Americano with Milk,card,ANON-0000-0000-0040,32.82
2024-05-25,5,2024,6,16,Americano,card,ANON-0000-0000-0040,27.92
2024-05-26,5,2024,0,10,Latte,card,ANON-0000-0000-0001,37.72
2024-05-26,5,2024,0,14,Americano with Milk,card,ANON-0000-0000-0214,32.82
2024-05-26,5,2024,0,14,Cortado,card,ANON-0000-0000-0215,27.92
2024-05-26,5,2024,0,14,Americano with Milk,card,ANON-0000-0000-0216,32.82
2024-05-26,5,2024,0,17,Cappuccino,card,ANON-0000-0000-0217,37.72
2024-05-26,5,2024,0,18,Hot Chocolate,card,ANON-0000-0000-0218,37.72
2024-05-26,5,2024,0,18,Hot Chocolate,card,ANON-0000-0000-0218,37.72
2024-05-26,5,2024,0,18,Americano,card,ANON-0000-0000-0218,27.92
2024-05-26,5,2024,0,18,Latte,card,ANON-0000-0000-0219,37.72
2024-05-26,5,2024,0,20,Hot Chocolate,card,ANON-0000-0000-0220,37.72
2024-05-26,5,2024,0,21,Cappuccino,card,ANON-0000-0000-0220,37.72
2024-05-26,5,2024,0,21,Cortado,card,ANON-0000-0000-0221,27.92
2024-05-26,5,2024,0,21,Cappuccino,card,ANON-0000-0000-0222,37.72
2024-05-26,5,2024,0,21,Latte,card,ANON-0000-0000-0221,37.72
2024-05-26,5,2024,0,21,Cappuccino,card,ANON-0000-0000-0223,37.72
2024-05-27,5,2024,1,11,Americano,card,ANON-0000-0000-0012,27.92
2024-05-27,5,2024,1,14,Americano with Milk,card,ANON-0000-0000-0224,32.82
2024-05-27,5,2024,1,14,Cocoa,card,ANON-0000-0000-0224,37.72
2024-05-27,5,2024,1,15,Americano,card,ANON-0000-0000-0225,27.92
2024-05-27,5,2024,1,15,Americano,card,ANON-0000-0000-0225,27.92
2024-05-27,5,2024,1,17,Latte,card,ANON-0000-0000-0203,37.72
2024-05-27,5,2024,1,18,Americano,card,ANON-0000-0000-0226,27.92
2024-05-27,5,2024,1,19,Latte,card,ANON-0000-0000-0227,37.72
2024-05-27,5,2024,1,19,Latte,card,ANON-0000-0000-0228,37.72
2024-05-27,5,2024,1,21,Americano with Milk,card,ANON-0000-0000-0192,32.82
2024-05-27,5,2024,1,21,Cappuccino,card,ANON-0000-0000-0206,37.72
2024-05-28,5,2024,2,8,Americano with Milk,card,ANON-0000-0000-0012,32.82
2024-05-28,5,2024,2,9,Americano with Milk,card,ANON-0000-0000-0097,32.82
2024-05-28,5,2024,2,11,Cappuccino,card,ANON-0000-0000-0229,37.72
2024-05-28,5,2024,2,13,Cappuccino,card,ANON-0000-0000-0230,37.72
2024-05-28,5,2024,2,14,Cocoa,card,ANON-0000-0000-0194,37.72
2024-05-28,5,2024,2,16,Cortado,card,ANON-0000-0000-0141,27.92
2024-05-28,5,2024,2,17,Cappuccino,cash,ANON-0000-0000-0012,39.0
2024-05-28,5,2024,2,19,Americano,card,ANON-0000-0000-0231,27.92
2024-05-28,5,2024,2,19,Latte,card,ANON-0000-0000-0231,37.72
2024-05-28,5,2024,2,20,Americano with Milk,card,ANON-0000-0000-0009,32.82
2024-05-28,5,2024,2,20,Americano,card,ANON-0000-0000-0012,27.92
2024-05-29,5,2024,3,9,Latte,card,ANON-0000-0000-0232,37.72
2024-05-29,5,2024,3,10,Latte,cash,ANON-0000-0000-0012,39.0
2024-05-29,5,2024,3,11,Hot Chocolate,card,ANON-0000-0000-0233,37.72
2024-05-29,5,2024,3,15,Americano,card,ANON-0000-0000-0234,27.92
2024-05-29,5,2024,3,15,Latte,card,ANON-0000-0000-0235,37.72
2024-05-29,5,2024,3,15,Cappuccino,card,ANON-0000-0000-0236,37.72
2024-05-29,5,2024,3,16,Latte,card,ANON-0000-0000-0237,37.72
2024-05-29,5,2024,3,18,Cortado,card,ANON-0000-0000-0238,27.92
2024-05-29,5,2024,3,18,Latte,card,ANON-0000-0000-0238,37.72
2024-05-29,5,2024,3,20,Hot Chocolate,card,ANON-0000-0000-0239,37.72
2024-05-29,5,2024,3,20,Cocoa,card,ANON-0000-0000-0240,37.72
2024-05-30,5,2024,4,8,Cappuccino,card,ANON-0000-0000-0241,37.72
2024-05-30,5,2024,4,8,Latte,card,ANON-0000-0000-0241,37.72
2024-05-30,5,2024,4,8,Americano with Milk,card,ANON-0000-0000-0242,32.82
2024-05-30,5,2024,4,9,Latte,card,ANON-0000-0000-0001,37.72
2024-05-30,5,2024,4,14,Americano with Milk,card,ANON-0000-0000-0097,32.82
2024-05-30,5,2024,4,15,Espresso,card,ANON-0000-0000-0243,23.02
2024-05-30,5,2024,4,15,Espresso,card,ANON-0000-0000-0012,23.02
2024-05-30,5,2024,4,19,Cappuccino,card,ANON-0000-0000-0206,37.72
2024-05-30,5,2024,4,20,Latte,card,ANON-0000-0000-0244,37.72
2024-05-30,5,2024,4,20,Hot Chocolate,card,ANON-0000-0000-0009,37.72
2024-05-30,5,2024,4,20,Americano with Milk,card,ANON-0000-0000-0009,32.82
2024-05-31,5,2024,5,7,Americano with Milk,card,ANON-0000-0000-0245,32.82
2024-05-31,5,2024,5,9,Latte,card,ANON-0000-0000-0246,37.72
2024-05-31,5,2024,5,9,Latte,cash,ANON-0000-0000-0012,39.0
2024-05-31,5,2024,5,10,Hot Chocolate,card,ANON-0000-0000-0247,37.72
2024-05-31,5,2024,5,10,Cocoa,card,ANON-0000-0000-0248,37.72
2024-05-31,5,2024,5,14,Americano with Milk,card,ANON-0000-0000-0249,32.82
2024-05-31,5,2024,5,18,Latte,card,ANON-0000-0000-0250,37.72
2024-05-31,5,2024,5,18,Latte,card,ANON-0000-0000-0250,37.72
2024-05-31,5,2024,5,20,Cappuccino,card,ANON-0000-0000-0180,37.72
2024-05-31,5,2024,5,20,Americano with Milk,card,ANON-0000-0000-0134,32.82
2024-05-31,5,2024,5,20,Latte,card,ANON-0000-0000-0134,37.72
2024-05-31,5,2024,5,22,Cappuccino,card,ANON-0000-0000-0206,37.72
2024-05-31,5,2024,5,22,Americano with Milk,card,ANON-0000-0000-0206,32.82
2024-05-31,5,2024,5,22,Cortado,card,ANON-0000-0000-0206,27.92
2024-06-01,6,2024,6,8,Cortado,card,ANON-0000-0000-0141,27.92
2024-06-01,6,2024,6,9,Latte,card,ANON-0000-0000-0232,37.72
2024-06-01,6,2024,6,11,Latte,card,ANON-0000-0000-0250,37.72
2024-06-01,6,2024,6,14,Americano with Milk,card,ANON-0000-0000-0097,32.82
2024-06-01,6,2024,6,18,Americano with Milk,card,ANON-0000-0000-0251,32.82
2024-06-01,6,2024,6,18,Americano with Milk,card,ANON-0000-0000-0251,32.82
2024-06-01,6,2024,6,20,Cappuccino,card,ANON-0000-0000-0154,37.72
2024-06-01,6,2024,6,20,Cappuccino,card,ANON-0000-0000-0154,37.72
2024-06-01,6,2024,6,20,Cocoa,cash,ANON-0000-0000-0012,39.0
2024-06-01,6,2024,6,20,Cocoa,card,ANON-0000-0000-0252,37.72
2024-06-01,6,2024,6,21,Americano with Milk,card,ANON-0000-0000-0009,32.82
2024-06-02,6,2024,0,20,Latte,card,ANON-0000-0000-0009,37.72
2024-06-02,6,2024,0,20,Americano with Milk,card,ANON-0000-0000-0040,32.82
2024-06-02,6,2024,0,20,Cappuccino,card,ANON-0000-0000-0040,37.72
2024-06-02,6,2024,0,21,Americano with Milk,card,ANON-0000-0000-0097,32.82
2024-06-02,6,2024,0,21,Latte,card,ANON-0000-0000-0253,37.72
2024-06-02,6,2024,0,22,Americano with Milk,cash,ANON-0000-0000-0012,34.0
2024-06-03,6,2024,1,10,Latte,card,ANON-0000-0000-0001,37.72
2024-06-03,6,2024,1,10,Latte,card,ANON-0000-0000-0191,37.72
2024-06-03,6,2024,1,14,Cappuccino,card,ANON-0000-0000-0025,37.72
2024-06-03,6,2024,1,14,Americano with Milk,card,ANON-0000-0000-0024,32.82
2024-06-03,6,2024,1,14,Latte,card,ANON-0000-0000-0009,37.72
2024-06-03,6,2024,1,21,Americano with Milk,cash,ANON-0000-0000-0012,34.0
2024-06-03,6,2024,1,21,Americano with Milk,cash,ANON-0000-0000-0012,34.0
2024-06-04,6,2024,2,9,Cortado,card,ANON-0000-0000-0141,27.92
2024-06-04,6,2024,2,10,Americano with Milk,card,ANON-0000-0000-0097,32.82
2024-06-04,6,2024,2,12,Latte,card,ANON-0000-0000-0254,37.72
2024-06-04,6,2024,2,12,Hot Chocolate,card,ANON-0000-0000-0254,37.72
2024-06-04,6,2024,2,15,Latte,card,ANON-0000-0000-0255,37.72
2024-06-04,6,2024,2,17,Cortado,card,ANON-0000-0000-0192,27.92
2024-06-04,6,2024,2,17,Cappuccino,card,ANON-0000-0000-0192,37.72
2024-06-04,6,2024,2,20,Hot Chocolate,card,ANON-0000-0000-0256,37.72
2024-06-04,6,2024,2,20,Cappuccino,card,ANON-0000-0000-0257,37.72
2024-06-04,6,2024,2,21,Cortado,card,ANON-0000-0000-0258,27.92
2024-06-04,6,2024,2,21,Americano with Milk,card,ANON-0000-0000-0259,32.82
2024-06-04,6,2024,2,21,Americano with Milk,card,ANON-0000-0000-0260,32.82
2024-06-04,6,2024,2,21,Americano with Milk,card,ANON-0000-0000-0260,32.82
2024-06-04,6,2024,2,21,Americano with Milk,card,ANON-0000-0000-0260,32.82
2024-06-05,6,2024,3,8,Cappuccino,card,ANON-0000-0000-0261,37.72
2024-06-05,6,2024,3,8,Cappuccino,card,ANON-0000-0000-0261,37.72
2024-06-05,6,2024,3,9,Americano,card,ANON-0000-0000-0262,27.92
2024-06-05,6,2024,3,10,Latte,card,ANON-0000-0000-0001,37.72
2024-06-05,6,2024,3,10,Americano with Milk,card,ANON-0000-0000-0097,32.82
2024-06-05,6,2024,3,19,Americano with Milk,card,ANON-0000-0000-0263,32.82
2024-06-05,6,2024,3,19,Latte,card,ANON-0000-0000-0264,37.72
2024-06-05,6,2024,3,20,Cocoa,card,ANON-0000-0000-0220,37.72
2024-06-05,6,2024,3,20,Cortado,card,ANON-0000-0000-0220,27.92
2024-06-06,6,2024,4,8,Americano with Milk,card,ANON-0000-0000-0097,32.82
2024-06-06,6,2024,4,8,Americano with Milk,card,ANON-0000-0000-0097,32.82
2024-06-06,6,2024,4,10,Latte,card,ANON-0000-0000-0001,37.72
2024-06-06,6,2024,4,12,Americano,card,ANON-0000-0000-0265,27.92
2024-06-06,6,2024,4,15,Americano with Milk,card,ANON-0000-0000-0224,32.82
2024-06-06,6,2024,4,15,Cappuccino,card,ANON-0000-0000-0266,37.72
2024-06-06,6,2024,4,21,Latte,card,ANON-0000-0000-0267,37.72
2024-06-06,6,2024,4,21,Latte,card,ANON-0000-0000-0267,37.72
2024-06-06,6,2024,4,21,Cappuccino,card,ANON-0000-0000-0206,37.72
2024-06-06,6,2024,4,21,Americano with Milk,card,ANON-0000-0000-0206,32.82
2024-06-06,6,2024,4,21,Latte,card,ANON-0000-0000-0267,37.72
2024-06-07,6,2024,5,8,Cappuccino,card,ANON-0000-0000-0268,37.72
2024-06-07,6,2024,5,10,Espresso,card,ANON-0000-0000-0269,23.02
2024-06-07,6,2024,5,13,Americano with Milk,card,ANON-0000-0000-0164,32.82
2024-06-07,6,2024,5,16,Cortado,card,ANON-0000-0000-0270,27.92
2024-06-07,6,2024,5,16,Cortado,card,ANON-0000-0000-0270,27.92
2024-06-08,6,2024,6,9,Cortado,card,ANON-0000-0000-0271,27.92
2024-06-08,6,2024,6,9,Americano with Milk,card,ANON-0000-0000-0097,32.82
2024-06-08,6,2024,6,20,Cappuccino,card,ANON-0000-0000-0134,37.72
2024-06-08,6,2024,6,20,Cappuccino,card,ANON-0000-0000-0134,37.72
2024-06-09,6,2024,0,8,Latte,card,ANON-0000-0000-0097,37.72
2024-06-09,6,2024,0,10,Latte,card,ANON-0000-0000-0272,37.72
2024-06-09,6,2024,0,10,Cappuccino,card,ANON-0000-0000-0273,37.72
2024-06-09,6,2024,0,11,Cortado,card,ANON-0000-0000-0141,27.92
2024-06-09,6,2024,0,11,Espresso,card,ANON-0000-0000-0274,23.02
2024-06-09,6,2024,0,11,Cappuccino,card,ANON-0000-0000-0275,37.72
2024-06-09,6,2024,0,12,Americano with Milk,card,ANON-0000-0000-0276,32.82
2024-06-09,6,2024,0,12,Latte,card,ANON-0000-0000-0276,37.72
2024-06-09,6,2024,0,12,Latte,card,ANON-0000-0000-0276,37.72
2024-06-09,6,2024,0,15,Cortado,card,ANON-0000-0000-0277,27.92
2024-06-09,6,2024,0,16,Cappuccino,card,ANON-0000-0000-0278,37.72
2024-06-09,6,2024,0,19,Americano with Milk,card,ANON-0000-0000-0279,32.82
2024-06-09,6,2024,0,21,Americano,card,ANON-0000-0000-0280,27.92
2024-06-10,6,2024,1,12,Cappuccino,card,ANON-0000-0000-0281,37.72
2024-06-10,6,2024,1,12,Latte,card,ANON-0000-0000-0097,37.72
2024-06-10,6,2024,1,19,Hot Chocolate,card,ANON-0000-0000-0282,37.72
2024-06-10,6,2024,1,19,Hot Chocolate,card,ANON-0000-0000-0282,37.72
2024-06-10,6,2024,1,19,Latte,card,ANON-0000-0000-0283,37.72
2024-06-10,6,2024,1,19,Latte,card,ANON-0000-0000-0283,37.72
2024-06-11,6,2024,2,10,Americano with Milk,card,ANON-0000-0000-0284,32.82
2024-06-11,6,2024,2,18,Latte,card,ANON-0000-0000-0285,37.72
2024-06-11,6,2024,2,18,Latte,card,ANON-0000-0000-0285,37.72
2024-06-11,6,2024,2,21,Hot Chocolate,card,ANON-0000-0000-0286,37.72
2024-06-11,6,2024,2,21,Americano with Milk,card,ANON-0000-0000-0287,32.82
2024-06-11,6,2024,2,21,Americano with Milk,card,ANON-0000-0000-0287,32.82
2024-06-12,6,2024,3,10,Hot Chocolate,card,ANON-0000-0000-0288,37.72
2024-06-12,6,2024,3,11,Cappuccino,card,ANON-0000-0000-0289,37.72
2024-06-12,6,2024,3,17,Latte,card,ANON-0000-0000-0283,37.72
2024-06-12,6,2024,3,17,Latte,card,ANON-0000-0000-0290,37.72
2024-06-12,6,2024,3,20,Hot Chocolate,card,ANON-0000-0000-0256,37.72
2024-06-12,6,2024,3,20,Americano with Milk,card,ANON-0000-0000-0291,32.82
2024-06-13,6,2024,4,8,Americano,card,ANON-0000-0000-0292,27.92
2024-06-13,6,2024,4,8,Latte,card,ANON-0000-0000-0097,37.72
2024-06-13,6,2024,4,9,Americano with Milk,card,ANON-0000-0000-0293,32.82
2024-06-13,6,2024,4,9,Cortado,card,ANON-0000-0000-0141,27.92
2024-06-13,6,2024,4,17,Americano with Milk,card,ANON-0000-0000-0294,32.82
2024-06-13,6,2024,4,17,Hot Chocolate,card,ANON-0000-0000-0295,37.72
2024-06-13,6,2024,4,19,Latte,card,ANON-0000-0000-0296,37.72
2024-06-13,6,2024,4,20,Americano with Milk,card,ANON-0000-0000-0012,32.82
2024-06-13,6,2024,4,20,Espresso,card,ANON-0000-0000-0012,23.02
2024-06-13,6,2024,4,20,Espresso,card,ANON-0000-0000-0295,23.02
2024-06-13,6,2024,4,20,Americano with Milk,card,ANON-0000-0000-0009,32.82
2024-06-13,6,2024,4,21,Americano with Milk,card,ANON-0000-0000-0009,32.82
2024-06-14,6,2024,5,7,Cortado,card,ANON-0000-0000-0141,27.92
2024-06-14,6,2024,5,10,Americano,card,ANON-0000-0000-0297,27.92
2024-06-14,6,2024,5,12,Latte,card,ANON-0000-0000-0097,37.72
2024-06-14,6,2024,5,18,Americano with Milk,card,ANON-0000-0000-0298,32.82
2024-06-15,6,2024,6,11,Cappuccino,card,ANON-0000-0000-0299,37.72
2024-06-15,6,2024,6,12,Latte,card,ANON-0000-0000-0300,37.72
2024-06-15,6,2024,6,12,Americano with Milk,card,ANON-0000-0000-0300,32.82
2024-06-15,6,2024,6,12,Espresso,card,ANON-0000-0000-0300,23.02
2024-06-15,6,2024,6,12,Cocoa,card,ANON-0000-0000-0300,37.72
2024-06-15,6,2024,6,12,Americano with Milk,card,ANON-0000-0000-0300,32.82
2024-06-15,6,2024,6,16,Americano with Milk,card,ANON-0000-0000-0301,32.82
2024-06-15,6,2024,6,18,Americano,card,ANON-0000-0000-0302,27.92
2024-06-16,6,2024,0,10,Americano with Milk,card,ANON-0000-0000-0059,32.82
2024-06-16,6,2024,0,10,Latte,card,ANON-0000-0000-0303,37.72
2024-06-16,6,2024,0,11,Hot Chocolate,card,ANON-0000-0000-0303,37.72
2024-06-16,6,2024,0,11,Hot Chocolate,card,ANON-0000-0000-0303,37.72
2024-06-16,6,2024,0,12,Americano with Milk,card,ANON-0000-0000-0276,32.82
2024-06-16,6,2024,0,14,Espresso,card,ANON-0000-0000-0274,23.02
2024-06-16,6,2024,0,15,Americano with Milk,card,ANON-0000-0000-0304,32.82
2024-06-16,6,2024,0,15,Americano with Milk,card,ANON-0000-0000-0304,32.82
2024-06-16,6,2024,0,15,Hot Chocolate,card,ANON-0000-0000-0305,37.72
2024-06-16,6,2024,0,16,Hot Chocolate,card,ANON-0000-0000-0306,37.72
2024-06-16,6,2024,0,17,Americano with Milk,card,ANON-0000-0000-0059,32.82
2024-06-16,6,2024,0,17,Americano with Milk,card,ANON-0000-0000-0059,32.82
2024-06-17,6,2024,1,8,Americano,card,ANON-0000-0000-0307,27.92
2024-06-17,6,2024,1,10,Cortado,card,ANON-0000-0000-0308,27.92
2024-06-17,6,2024,1,10,Cortado,card,ANON-0000-0000-0308,27.92
2024-06-17,6,2024,1,10,Cappuccino,card,ANON-0000-0000-0042,37.72
2024-06-17,6,2024,1,14,Cappuccino,card,ANON-0000-0000-0164,37.72
2024-06-17,6,2024,1,16,Cappuccino,card,ANON-0000-0000-0012,37.72
2024-06-17,6,2024,1,16,Cappuccino,card,ANON-0000-0000-0012,37.72
2024-06-17,6,2024,1,16,Americano,card,ANON-0000-0000-0012,27.92
2024-06-17,6,2024,1,18,Americano,card,ANON-0000-0000-0309,27.92
2024-06-17,6,2024,1,21,Americano with Milk,card,ANON-0000-0000-0009,32.82
2024-06-18,6,2024,2,14,Americano,card,ANON-0000-0000-0299,27.92
2024-06-18,6,2024,2,14,Cappuccino,card,ANON-0000-0000-0299,37.72
2024-06-18,6,2024,2,19,Cappuccino,card,ANON-0000-0000-0154,37.72
2024-06-18,6,2024,2,19,Cappuccino,card,ANON-0000-0000-0154,37.72
2024-06-18,6,2024,2,20,Cortado,card,ANON-0000-0000-0310,27.92
2024-06-18,6,2024,2,21,Americano with Milk,card,ANON-0000-0000-0012,32.82
2024-06-18,6,2024,2,21,Americano with Milk,card,ANON-0000-0000-0012,32.82
2024-06-19,6,2024,3,7,Latte,card,ANON-0000-0000-0311,37.72
2024-06-19,6,2024,3,8,Cortado,card,ANON-0000-0000-0141,27.92
2024-06-19,6,2024,3,10,Americano,card,ANON-0000-0000-0312,27.92
2024-06-19,6,2024,3,11,Latte,card,ANON-0000-0000-0313,37.72
2024-06-19,6,2024,3,11,Cocoa,card,ANON-0000-0000-0313,37.72
2024-06-19,6,2024,3,14,Americano with Milk,card,ANON-0000-0000-0164,32.82
2024-06-19,6,2024,3,18,Cappuccino,card,ANON-0000-0000-0153,37.72
2024-06-19,6,2024,3,18,Latte,card,ANON-0000-0000-0153,37.72
2024-06-19,6,2024,3,19,Americano with Milk,card,ANON-0000-0000-0009,32.82
2024-06-19,6,2024,3,21,Cappuccino,card,ANON-0000-0000-0192,37.72
2024-06-19,6,2024,3,21,Americano with Milk,card,ANON-0000-0000-0192,32.82
2024-06-20,6,2024,4,10,Latte,card,ANON-0000-0000-0097,37.72
2024-06-20,6,2024,4,18,Latte,card,ANON-0000-0000-0314,37.72
2024-06-20,6,2024,4,19,Latte,card,ANON-0000-0000-0314,37.72
2024-06-20,6,2024,4,21,Latte,card,ANON-0000-0000-0257,37.72
2024-06-20,6,2024,4,21,Latte,card,ANON-0000-0000-0009,37.72
2024-06-20,6,2024,4,21,Americano with Milk,card,ANON-0000-0000-0009,32.82
2024-06-21,6,2024,5,9,Latte,card,ANON-0000-0000-0311,37.72
2024-06-21,6,2024,5,10,Americano,card,ANON-0000-0000-0315,27.92
2024-06-21,6,2024,5,13,Americano with Milk,card,ANON-0000-0000-0012,32.82
2024-06-21,6,2024,5,13,Americano with Milk,card,ANON-0000-0000-0012,32.82
2024-06-21,6,2024,5,18,Espresso,card,ANON-0000-0000-0316,23.02
2024-06-21,6,2024,5,19,Latte,card,ANON-0000-0000-0009,37.72
2024-06-21,6,2024,5,19,Cappuccino,card,ANON-0000-0000-0154,37.72
2024-06-21,6,2024,5,19,Cappuccino,card,ANON-0000-0000-0154,37.72
2024-06-21,6,2024,5,19,Cappuccino,card,ANON-0000-0000-0180,37.72
2024-06-21,6,2024,5,19,Cappuccino,card,ANON-0000-0000-0180,37.72
2024-06-21,6,2024,5,19,Americano,card,ANON-0000-0000-0180,27.92
2024-06-21,6,2024,5,19,Americano with Milk,card,ANON-0000-0000-0311,32.82
2024-06-22,6,2024,6,8,Cortado,card,ANON-0000-0000-0141,27.92
2024-06-22,6,2024,6,9,Americano with Milk,card,ANON-0000-0000-0311,32.82
2024-06-22,6,2024,6,12,Americano with Milk,card,ANON-0000-0000-0317,32.82
2024-06-22,6,2024,6,15,Latte,card,ANON-0000-0000-0009,37.72
2024-06-22,6,2024,6,22,Cappuccino,card,ANON-0000-0000-0318,37.72
2024-06-23,6,2024,0,18,Americano with Milk,card,ANON-0000-0000-0012,32.82
2024-06-23,6,2024,0,18,Americano with Milk,card,ANON-0000-0000-0012,32.82
2024-06-23,6,2024,0,21,Cappuccino,card,ANON-0000-0000-0319,37.72
2024-06-23,6,2024,0,21,Latte,card,ANON-0000-0000-0320,37.72
2024-06-23,6,2024,0,21,Cappuccino,card,ANON-0000-0000-0320,37.72
2024-06-24,6,2024,1,11,Americano with Milk,card,ANON-0000-0000-0164,32.82
2024-06-24,6,2024,1,11,Cappuccino,card,ANON-0000-0000-0180,37.72
2024-06-24,6,2024,1,11,Cappuccino,card,ANON-0000-0000-0180,37.72
2024-06-24,6,2024,1,15,Latte,card,ANON-0000-0000-0321,37.72
2024-06-24,6,2024,1,16,Cappuccino,card,ANON-0000-0000-0203,37.72
2024-06-24,6,2024,1,16,Cappuccino,card,ANON-0000-0000-0203,37.72
2024-06-25,6,2024,2,8,Latte,card,ANON-0000-0000-0322,37.72
2024-06-25,6,2024,2,10,Americano with Milk,card,ANON-0000-0000-0012,32.82
2024-06-25,6,2024,2,10,Americano with Milk,card,ANON-0000-0000-0040,32.82
2024-06-25,6,2024,2,11,Cappuccino,card,ANON-0000-0000-0203,37.72
2024-06-26,6,2024,3,9,Latte,card,ANON-0000-0000-0323,37.72
2024-06-26,6,2024,3,16,Espresso,card,ANON-0000-0000-0324,23.02
2024-06-26,6,2024,3,16,Americano,card,ANON-0000-0000-0325,27.92
2024-06-26,6,2024,3,21,Latte,card,ANON-0000-0000-0009,37.72
2024-06-26,6,2024,3,21,Cappuccino,card,ANON-0000-0000-0009,37.72
2024-06-26,6,2024,3,21,Americano with Milk,card,ANON-0000-0000-0206,32.82
2024-06-27,6,2024,4,9,Americano with Milk,card,ANON-0000-0000-0326,32.82
2024-06-27,6,2024,4,16,Cortado,card,ANON-0000-0000-0327,27.92
2024-06-27,6,2024,4,21,Americano with Milk,card,ANON-0000-0000-0328,32.82
2024-06-27,6,2024,4,21,Cappuccino,card,ANON-0000-0000-0329,37.72
2024-06-28,6,2024,5,8,Cortado,card,ANON-0000-0000-0141,27.92
2024-06-28,6,2024,5,17,Espresso,card,ANON-0000-0000-0274,23.02
2024-06-28,6,2024,5,21,Americano with Milk,card,ANON-0000-0000-0330,32.82
2024-06-28,6,2024,5,21,Latte,card,ANON-0000-0000-0331,37.72
2024-06-28,6,2024,5,22,Cappuccino,card,ANON-0000-0000-0332,37.72
2024-06-29,6,2024,6,9,Americano with Milk,card,ANON-0000-0000-0097,32.82
2024-06-29,6,2024,6,11,Americano with Milk,card,ANON-0000-0000-0333,32.82
2024-06-29,6,2024,6,11,Americano with Milk,card,ANON-0000-0000-0333,32.82
2024-06-29,6,2024,6,12,Cappuccino,card,ANON-0000-0000-0334,37.72
2024-06-29,6,2024,6,12,Cappuccino,card,ANON-0000-0000-0334,37.72
2024-06-29,6,2024,6,17,Cappuccino,card,ANON-0000-0000-0335,37.72
2024-06-29,6,2024,6,17,Hot Chocolate,card,ANON-0000-0000-0335,37.72
2024-06-29,6,2024,6,21,Latte,card,ANON-0000-0000-0009,37.72
2024-06-30,6,2024,0,10,Latte,card,ANON-0000-0000-0336,37.72
2024-06-30,6,2024,0,13,Espresso,card,ANON-0000-0000-0337,23.02
2024-06-30,6,2024,0,16,Hot Chocolate,card,ANON-0000-0000-0009,37.72
2024-06-30,6,2024,0,21,Americano with Milk,card,ANON-0000-0000-0097,32.82
2024-07-01,7,2024,1,18,Espresso,card,ANON-0000-0000-0012,23.02
2024-07-01,7,2024,1,18,Cappuccino,card,ANON-0000-0000-0338,37.72
2024-07-01,7,2024,1,18,Cappuccino,card,ANON-0000-0000-0339,37.72
2024-07-02,7,2024,2,10,Americano with Milk,card,ANON-0000-0000-0304,32.82
2024-07-02,7,2024,2,10,Americano,card,ANON-0000-0000-0304,27.92
2024-07-02,7,2024,2,12,Latte,card,ANON-0000-0000-0019,37.72
2024-07-02,7,2024,2,14,Americano,card,ANON-0000-0000-0340,27.92
2024-07-02,7,2024,2,16,Americano with Milk,card,ANON-0000-0000-0341,32.82
2024-07-02,7,2024,2,22,Americano with Milk,card,ANON-0000-0000-0329,32.82
2024-07-03,7,2024,3,13,Americano with Milk,card,ANON-0000-0000-0012,32.82
2024-07-03,7,2024,3,16,Cappuccino,card,ANON-0000-0000-0342,37.72
2024-07-03,7,2024,3,16,Cappuccino,card,ANON-0000-0000-0343,37.72
2024-07-03,7,2024,3,16,Americano with Milk,card,ANON-0000-0000-0270,32.82
2024-07-03,7,2024,3,16,Americano with Milk,card,ANON-0000-0000-0344,32.82
2024-07-03,7,2024,3,16,Latte,card,ANON-0000-0000-0270,37.72
2024-07-03,7,2024,3,16,Espresso,card,ANON-0000-0000-0345,23.02
2024-07-03,7,2024,3,17,Cappuccino,card,ANON-0000-0000-0346,37.72
2024-07-03,7,2024,3,19,Latte,card,ANON-0000-0000-0009,37.72
2024-07-04,7,2024,4,10,Americano with Milk,card,ANON-0000-0000-0143,32.82
2024-07-04,7,2024,4,10,Americano,card,ANON-0000-0000-0012,27.92
2024-07-05,7,2024,5,12,Cocoa,card,ANON-0000-0000-0058,37.72
2024-07-05,7,2024,5,13,Americano with Milk,card,ANON-0000-0000-0040,32.82
2024-07-05,7,2024,5,13,Americano with Milk,card,ANON-0000-0000-0347,32.82
2024-07-05,7,2024,5,18,Espresso,card,ANON-0000-0000-0348,23.02
2024-07-05,7,2024,5,19,Americano,card,ANON-0000-0000-0099,27.92
2024-07-05,7,2024,5,22,Espresso,card,ANON-0000-0000-0349,23.02
2024-07-05,7,2024,5,22,Americano,card,ANON-0000-0000-0350,27.92
2024-07-05,7,2024,5,22,Americano,card,ANON-0000-0000-0350,27.92
2024-07-05,7,2024,5,22,Cappuccino,card,ANON-0000-0000-0351,37.72
2024-07-05,7,2024,5,22,Americano with Milk,card,ANON-0000-0000-0351,32.82
2024-07-06,7,2024,6,10,Latte,card,ANON-0000-0000-0352,37.72
2024-07-06,7,2024,6,17,Latte,card,ANON-0000-0000-0009,32.82
2024-07-06,7,2024,6,17,Latte,card,ANON-0000-0000-0009,32.82
2024-07-06,7,2024,6,19,Latte,card,ANON-0000-0000-0012,32.82
2024-07-06,7,2024,6,19,Americano with Milk,card,ANON-0000-0000-0012,27.92
2024-07-07,7,2024,0,9,Cappuccino,card,ANON-0000-0000-0303,32.82
2024-07-07,7,2024,0,9,Americano with Milk,card,ANON-0000-0000-0353,27.92
2024-07-07,7,2024,0,9,Americano with Milk,card,ANON-0000-0000-0353,27.92
2024-07-07,7,2024,0,9,Cappuccino,card,ANON-0000-0000-0354,32.82
2024-07-07,7,2024,0,9,Cappuccino,card,ANON-0000-0000-0354,32.82
2024-07-07,7,2024,0,14,Hot Chocolate,card,ANON-0000-0000-0355,32.82
2024-07-07,7,2024,0,14,Cocoa,card,ANON-0000-0000-0355,32.82
2024-07-07,7,2024,0,17,Latte,card,ANON-0000-0000-0356,32.82
2024-07-07,7,2024,0,19,Cappuccino,card,ANON-0000-0000-0357,32.82
2024-07-07,7,2024,0,20,Hot Chocolate,card,ANON-0000-0000-0358,32.82
2024-07-07,7,2024,0,22,Americano with Milk,card,ANON-0000-0000-0359,27.92
2024-07-08,7,2024,1,7,Latte,card,ANON-0000-0000-0360,32.82
2024-07-08,7,2024,1,12,Americano,card,ANON-0000-0000-0361,23.02
2024-07-08,7,2024,1,14,Americano,card,ANON-0000-0000-0362,23.02
2024-07-08,7,2024,1,19,Americano with Milk,card,ANON-0000-0000-0363,27.92
2024-07-08,7,2024,1,22,Latte,card,ANON-0000-0000-0019,32.82
2024-07-09,7,2024,2,10,Americano with Milk,card,ANON-0000-0000-0333,27.92
2024-07-09,7,2024,2,10,Americano with Milk,card,ANON-0000-0000-0276,27.92
2024-07-09,7,2024,2,11,Americano with Milk,card,ANON-0000-0000-0194,27.92
2024-07-09,7,2024,2,11,Cappuccino,card,ANON-0000-0000-0194,32.82
2024-07-09,7,2024,2,16,Americano with Milk,card,ANON-0000-0000-0364,27.92
2024-07-10,7,2024,3,11,Americano,card,ANON-0000-0000-0365,23.02
2024-07-10,7,2024,3,12,Americano with Milk,card,ANON-0000-0000-0366,27.92
2024-07-10,7,2024,3,22,Latte,card,ANON-0000-0000-0328,32.82
2024-07-11,7,2024,4,11,Hot Chocolate,card,ANON-0000-0000-0367,32.82
2024-07-11,7,2024,4,16,Americano with Milk,card,ANON-0000-0000-0368,27.92
2024-07-11,7,2024,4,22,Latte,card,ANON-0000-0000-0369,32.82
2024-07-11,7,2024,4,22,Americano,card,ANON-0000-0000-0370,23.02
2024-07-12,7,2024,5,8,Cortado,card,ANON-0000-0000-0371,23.02
2024-07-12,7,2024,5,11,Hot Chocolate,card,ANON-0000-0000-0372,32.82
2024-07-12,7,2024,5,22,Hot Chocolate,card,ANON-0000-0000-0178,32.82
2024-07-12,7,2024,5,22,Hot Chocolate,card,ANON-0000-0000-0177,32.82
2024-07-12,7,2024,5,22,Hot Chocolate,card,ANON-0000-0000-0179,32.82
2024-07-13,7,2024,6,10,Latte,card,ANON-0000-0000-0365,32.82
2024-07-13,7,2024,6,11,Latte,card,ANON-0000-0000-0365,32.82
2024-07-14,7,2024,0,10,Americano,card,ANON-0000-0000-0373,23.02
2024-07-14,7,2024,0,10,Americano with Milk,card,ANON-0000-0000-0373,27.92
2024-07-14,7,2024,0,10,Cappuccino,card,ANON-0000-0000-0373,32.82
2024-07-14,7,2024,0,10,Latte,card,ANON-0000-0000-0374,32.82
2024-07-14,7,2024,0,11,Americano,card,ANON-0000-0000-0375,23.02
2024-07-14,7,2024,0,22,Latte,card,ANON-0000-0000-0376,32.82
2024-07-15,7,2024,1,7,Cappuccino,card,ANON-0000-0000-0377,32.82
2024-07-16,7,2024,2,12,Americano with Milk,card,ANON-0000-0000-0378,27.92
2024-07-16,7,2024,2,19,Hot Chocolate,card,ANON-0000-0000-0367,32.82
2024-07-17,7,2024,3,13,Americano with Milk,card,ANON-0000-0000-0379,27.92
2024-07-18,7,2024,4,11,Americano with Milk,card,ANON-0000-0000-0380,27.92
2024-07-18,7,2024,4,11,Espresso,card,ANON-0000-0000-0381,18.12
2024-07-18,7,2024,4,11,Americano,card,ANON-0000-0000-0059,23.02
2024-07-18,7,2024,4,11,Americano,card,ANON-0000-0000-0059,23.02
2024-07-18,7,2024,4,11,Cortado,card,ANON-0000-0000-0059,23.02
2024-07-18,7,2024,4,13,Latte,card,ANON-0000-0000-0375,32.82
2024-07-18,7,2024,4,18,Cappuccino,card,ANON-0000-0000-0382,32.82
2024-07-18,7,2024,4,19,Latte,card,ANON-0000-0000-0009,32.82
2024-07-18,7,2024,4,21,Hot Chocolate,card,ANON-0000-0000-0383,32.82
2024-07-18,7,2024,4,21,Latte,card,ANON-0000-0000-0383,32.82
2024-07-18,7,2024,4,21,Latte,card,ANON-0000-0000-0384,32.82
2024-07-19,7,2024,5,11,Americano,card,ANON-0000-0000-0375,23.02
2024-07-19,7,2024,5,11,Americano with Milk,card,ANON-0000-0000-0385,27.92
2024-07-19,7,2024,5,12,Latte,card,ANON-0000-0000-0386,32.82
2024-07-19,7,2024,5,12,Americano with Milk,card,ANON-0000-0000-0386,27.92
2024-07-19,7,2024,5,14,Latte,card,ANON-0000-0000-0384,32.82
2024-07-19,7,2024,5,14,Cocoa,card,ANON-0000-0000-0384,32.82
2024-07-19,7,2024,5,16,Latte,card,ANON-0000-0000-0384,32.82
2024-07-19,7,2024,5,16,Latte,card,ANON-0000-0000-0384,32.82
2024-07-20,7,2024,6,8,Americano,card,ANON-0000-0000-0387,23.02
2024-07-20,7,2024,6,8,Latte,card,ANON-0000-0000-0387,32.82
2024-07-20,7,2024,6,8,Americano,card,ANON-0000-0000-0387,23.02
2024-07-20,7,2024,6,9,Latte,card,ANON-0000-0000-0388,32.82
2024-07-20,7,2024,6,9,Latte,card,ANON-0000-0000-0389,32.82
2024-07-20,7,2024,6,10,Americano,card,ANON-0000-0000-0390,23.02
2024-07-20,7,2024,6,15,Latte,card,ANON-0000-0000-0391,32.82
2024-07-21,7,2024,0,10,Cocoa,card,ANON-0000-0000-0367,32.82
2024-07-21,7,2024,0,11,Cappuccino,card,ANON-0000-0000-0392,32.82
2024-07-21,7,2024,0,13,Cortado,card,ANON-0000-0000-0393,23.02
2024-07-21,7,2024,0,13,Latte,card,ANON-0000-0000-0394,32.82
2024-07-22,7,2024,1,8,Americano,card,ANON-0000-0000-0375,23.02
2024-07-22,7,2024,1,8,Americano,card,ANON-0000-0000-0395,23.02
2024-07-22,7,2024,1,10,Americano with Milk,card,ANON-0000-0000-0385,27.92
2024-07-22,7,2024,1,16,Latte,card,ANON-0000-0000-0396,32.82
2024-07-23,7,2024,2,8,Latte,card,ANON-0000-0000-0197,32.82
2024-07-23,7,2024,2,8,Americano,card,ANON-0000-0000-0395,23.02
2024-07-23,7,2024,2,8,Americano with Milk,card,ANON-0000-0000-0397,27.92
2024-07-23,7,2024,2,8,Cocoa,card,ANON-0000-0000-0398,32.82
2024-07-23,7,2024,2,8,Latte,card,ANON-0000-0000-0399,32.82
2024-07-23,7,2024,2,9,Americano,card,ANON-0000-0000-0375,23.02
2024-07-23,7,2024,2,10,Americano with Milk,card,ANON-0000-0000-0400,27.92
2024-07-23,7,2024,2,15,Americano with Milk,card,ANON-0000-0000-0401,27.92
2024-07-23,7,2024,2,15,Latte,card,ANON-0000-0000-0401,32.82
2024-07-23,7,2024,2,21,Latte,card,ANON-0000-0000-0009,32.82
2024-07-23,7,2024,2,21,Americano,card,ANON-0000-0000-0012,23.02
2024-07-23,7,2024,2,21,Americano,card,ANON-0000-0000-0012,23.02
2024-07-24,7,2024,3,9,Americano with Milk,card,ANON-0000-0000-0097,27.92
2024-07-24,7,2024,3,9,Americano with Milk,card,ANON-0000-0000-0385,27.92
2024-07-24,7,2024,3,9,Espresso,card,ANON-0000-0000-0402,18.12
2024-07-24,7,2024,3,11,Cappuccino,card,ANON-0000-0000-0379,32.82
2024-07-24,7,2024,3,13,Latte,card,ANON-0000-0000-0399,32.82
2024-07-24,7,2024,3,14,Espresso,card,ANON-0000-0000-0012,18.12
2024-07-24,7,2024,3,15,Latte,card,ANON-0000-0000-0009,32.82
2024-07-24,7,2024,3,19,Cappuccino,card,ANON-0000-0000-0205,32.82
2024-07-24,7,2024,3,19,Cappuccino,card,ANON-0000-0000-0205,32.82
2024-07-24,7,2024,3,21,Americano with Milk,card,ANON-0000-0000-0040,27.92
2024-07-24,7,2024,3,21,Americano,card,ANON-0000-0000-0040,23.02
2024-07-24,7,2024,3,21,Americano,card,ANON-0000-0000-0012,23.02
2024-07-25,7,2024,4,7,Americano,card,ANON-0000-0000-0012,23.02
2024-07-25,7,2024,4,8,Latte,card,ANON-0000-0000-0399,32.82
2024-07-25,7,2024,4,10,Americano with Milk,card,ANON-0000-0000-0385,27.92
2024-07-25,7,2024,4,11,Americano,card,ANON-0000-0000-0375,23.02
2024-07-25,7,2024,4,15,Cappuccino,card,ANON-0000-0000-0403,32.82
2024-07-25,7,2024,4,19,Cappuccino,card,ANON-0000-0000-0257,32.82
2024-07-25,7,2024,4,21,Cortado,card,ANON-0000-0000-0404,23.02
2024-07-25,7,2024,4,21,Espresso,card,ANON-0000-0000-0404,18.12
2024-07-25,7,2024,4,22,Cortado,card,ANON-0000-0000-0328,23.02
2024-07-25,7,2024,4,22,Cocoa,card,ANON-0000-0000-0405,32.82
2024-07-26,7,2024,5,8,Latte,card,ANON-0000-0000-0406,32.82
2024-07-26,7,2024,5,9,Americano with Milk,card,ANON-0000-0000-0097,27.92
2024-07-26,7,2024,5,9,Espresso,card,ANON-0000-0000-0059,18.12
2024-07-26,7,2024,5,9,Cortado,card,ANON-0000-0000-0407,23.02
2024-07-26,7,2024,5,9,Cortado,card,ANON-0000-0000-0407,23.02
2024-07-26,7,2024,5,9,Latte,card,ANON-0000-0000-0408,32.82
2024-07-26,7,2024,5,10,Latte,card,ANON-0000-0000-0408,32.82
2024-07-26,7,2024,5,11,Americano with Milk,card,ANON-0000-0000-0385,27.92
2024-07-26,7,2024,5,12,Americano with Milk,card,ANON-0000-0000-0379,27.92
2024-07-26,7,2024,5,12,Cappuccino,card,ANON-0000-0000-0339,32.82
2024-07-26,7,2024,5,12,Cappuccino,card,ANON-0000-0000-0339,32.82
2024-07-26,7,2024,5,13,Latte,card,ANON-0000-0000-0409,32.82
2024-07-26,7,2024,5,17,Americano,card,ANON-0000-0000-0410,23.02
2024-07-26,7,2024,5,17,Cappuccino,card,ANON-0000-0000-0411,32.82
2024-07-26,7,2024,5,21,Latte,card,ANON-0000-0000-0009,32.82
2024-07-26,7,2024,5,22,Americano with Milk,card,ANON-0000-0000-0412,27.92
2024-07-27,7,2024,6,9,Cappuccino,card,ANON-0000-0000-0097,32.82
2024-07-27,7,2024,6,11,Americano with Milk,card,ANON-0000-0000-0413,27.92
2024-07-27,7,2024,6,12,Americano with Milk,card,ANON-0000-0000-0059,27.92
2024-07-27,7,2024,6,12,Espresso,card,ANON-0000-0000-0040,18.12
2024-07-27,7,2024,6,12,Americano with Milk,card,ANON-0000-0000-0059,27.92
2024-07-27,7,2024,6,14,Espresso,card,ANON-0000-0000-0225,18.12
2024-07-27,7,2024,6,14,Latte,card,ANON-0000-0000-0077,32.82
2024-07-27,7,2024,6,17,Cappuccino,card,ANON-0000-0000-0414,32.82
2024-07-27,7,2024,6,17,Cappuccino,card,ANON-0000-0000-0415,32.82
2024-07-27,7,2024,6,17,Americano with Milk,card,ANON-0000-0000-0416,27.92
2024-07-27,7,2024,6,17,Americano with Milk,card,ANON-0000-0000-0416,27.92
2024-07-27,7,2024,6,20,Latte,card,ANON-0000-0000-0009,32.82
2024-07-27,7,2024,6,22,Cappuccino,card,ANON-0000-0000-0417,32.82
2024-07-28,7,2024,0,11,Espresso,card,ANON-0000-0000-0012,18.12
2024-07-28,7,2024,0,14,Americano with Milk,card,ANON-0000-0000-0276,27.92
2024-07-28,7,2024,0,14,Latte,card,ANON-0000-0000-0276,32.82
2024-07-29,7,2024,1,8,Latte,card,ANON-0000-0000-0418,32.82
2024-07-29,7,2024,1,9,Americano,card,ANON-0000-0000-0012,23.02
2024-07-29,7,2024,1,9,Americano with Milk,card,ANON-0000-0000-0097,27.92
2024-07-29,7,2024,1,9,Americano,card,ANON-0000-0000-0003,23.02
2024-07-29,7,2024,1,9,Americano with Milk,card,ANON-0000-0000-0419,27.92
2024-07-29,7,2024,1,9,Cappuccino,card,ANON-0000-0000-0420,32.82
2024-07-29,7,2024,1,10,Hot Chocolate,card,ANON-0000-0000-0421,32.82
2024-07-29,7,2024,1,10,Hot Chocolate,card,ANON-0000-0000-0421,32.82
2024-07-29,7,2024,1,19,Cappuccino,card,ANON-0000-0000-0422,32.82
2024-07-29,7,2024,1,19,Americano,card,ANON-0000-0000-0099,23.02
2024-07-29,7,2024,1,21,Cocoa,card,ANON-0000-0000-0328,32.82
2024-07-30,7,2024,2,7,Americano with Milk,card,ANON-0000-0000-0423,27.92
2024-07-30,7,2024,2,8,Cortado,card,ANON-0000-0000-0424,23.02
2024-07-30,7,2024,2,8,Cappuccino,card,ANON-0000-0000-0425,32.82
2024-07-30,7,2024,2,9,Americano with Milk,card,ANON-0000-0000-0097,27.92
2024-07-30,7,2024,2,10,Cortado,card,ANON-0000-0000-0141,23.02
2024-07-30,7,2024,2,10,Americano with Milk,card,ANON-0000-0000-0276,27.92
2024-07-30,7,2024,2,10,Latte,card,ANON-0000-0000-0250,32.82
2024-07-30,7,2024,2,11,Americano,card,ANON-0000-0000-0426,23.02
2024-07-30,7,2024,2,11,Espresso,card,ANON-0000-0000-0426,18.12
2024-07-30,7,2024,2,11,Americano with Milk,card,ANON-0000-0000-0427,27.92
2024-07-30,7,2024,2,11,Americano with Milk,card,ANON-0000-0000-0428,27.92
2024-07-30,7,2024,2,11,Americano with Milk,card,ANON-0000-0000-0429,27.92
2024-07-30,7,2024,2,11,Americano with Milk,card,ANON-0000-0000-0430,27.92
2024-07-30,7,2024,2,12,Latte,card,ANON-0000-0000-0431,32.82
2024-07-30,7,2024,2,15,Americano with Milk,card,ANON-0000-0000-0432,27.92
2024-07-30,7,2024,2,16,Cortado,card,ANON-0000-0000-0433,23.02
2024-07-30,7,2024,2,16,Americano with Milk,card,ANON-0000-0000-0433,27.92
2024-07-30,7,2024,2,20,Espresso,card,ANON-0000-0000-0434,18.12
2024-07-30,7,2024,2,20,Americano with Milk,card,ANON-0000-0000-0097,27.92
2024-07-30,7,2024,2,20,Americano with Milk,card,ANON-0000-0000-0097,27.92
2024-07-30,7,2024,2,20,Americano with Milk,card,ANON-0000-0000-0347,27.92
2024-07-30,7,2024,2,21,Latte,card,ANON-0000-0000-0435,32.82
2024-07-30,7,2024,2,22,Americano,card,ANON-0000-0000-0436,23.02
2024-07-30,7,2024,2,22,Cappuccino,card,ANON-0000-0000-0436,32.82
2024-07-31,7,2024,3,7,Americano with Milk,card,ANON-0000-0000-0423,27.92
2024-07-31,7,2024,3,8,Americano with Milk,card,ANON-0000-0000-0437,27.92
2024-07-31,7,2024,3,8,Americano with Milk,card,ANON-0000-0000-0437,27.92
2024-07-31,7,2024,3,9,Americano,card,ANON-0000-0000-0388,23.02
2024-07-31,7,2024,3,9,Americano,card,ANON-0000-0000-0388,23.02
2024-07-31,7,2024,3,9,Americano with Milk,card,ANON-0000-0000-0276,27.92
2024-07-31,7,2024,3,13,Cocoa,card,ANON-0000-0000-0384,32.82
2024-07-31,7,2024,3,13,Latte,card,ANON-0000-0000-0384,32.82
2024-07-31,7,2024,3,13,Americano with Milk,card,ANON-0000-0000-0438,27.92
2024-07-31,7,2024,3,17,Cortado,card,ANON-0000-0000-0439,23.02
2024-07-31,7,2024,3,18,Latte,card,ANON-0000-0000-0440,32.82
2024-07-31,7,2024,3,19,Cortado,card,ANON-0000-0000-0441,23.02
2024-07-31,7,2024,3,19,Latte,card,ANON-0000-0000-0009,32.82
2024-07-31,7,2024,3,20,Cocoa,card,ANON-0000-0000-0442,32.82
2024-07-31,7,2024,3,20,Cortado,card,ANON-0000-0000-0443,23.02
2024-07-31,7,2024,3,20,Latte,card,ANON-0000-0000-0443,32.82
2024-07-31,7,2024,3,20,Cappuccino,card,ANON-0000-0000-0153,32.82
2024-07-31,7,2024,3,20,Cortado,card,ANON-0000-0000-0443,23.02
2024-07-31,7,2024,3,20,Americano with Milk,card,ANON-0000-0000-0040,27.92
2024-07-31,7,2024,3,21,Latte,card,ANON-0000-0000-0444,32.82
2024-07-31,7,2024,3,21,Latte,card,ANON-0000-0000-0445,32.82
2024-07-31,7,2024,3,21,Latte,card,ANON-0000-0000-0446,32.82
